id,date,user,pc,url,content
{V1Y4-S2IR20QU-6154HFXJ},2010-01-02 06:55:16,LRR0148,PC-4275,http://msn.com/The_Human_Centipede_First_Sequence/katsuro/arjf309875127.htm,remain representatives consensus concert although connect component collaborated mind sea 200 decision mixture regarding days warners rich fifth 1991 return 1988 apologized united crew tension particular allied rhythm making japanese enhance pop myself whole allmusic bras at focused throughout another touches want references
{Q5R1-T3EF87UE-2395RWZS},2010-01-02 07:00:13,NGF0157,PC-6056,http://urbanspoon.com/Plunketts_Creek_Loyalsock_Creek/loyalsock/ivqrbtnzrferprvivatpbbxvatfnsrgltbfcryzhfvp69774532.jsp,festival off northwards than congestion partnership married 1830 acquired gentleman closely 17 take 1841 hundreds indicated allowing order characters disjunct hub temperature examples expanded adapted tribute
{X9O1-O0XW52VO-5806RPHG},2010-01-02 07:03:46,NGF0157,PC-6056,http://aa.com/Rhodocene/rhodocenium/fhaavatqrfxgbcrkrphgvir1766627142.html,long away reorganized baldwin seth business 1888 while trail auction took joseph legislative prohibiting 4000 within heirs incorporated commerce years five length accepted researchers relatively del rearing authorities secondary energetic walls single
{G5S8-U5OG04TE-5299CCTU},2010-01-02 07:05:26,IRM0931,PC-7188,http://groupon.com/Leonhard_Euler/leonhard/tneqravafrpgfsvfuvatobng292602446.php,among german schwein experimental becomes previously at above periods nitric then pushes such 6 felt treatment been christian known might found last local upon sweden animated been repeated presented from dress generally determine ninety robert off tossing should early from little easy
{L0R4-A9DH29VP-4553AUWM},2010-01-02 07:05:52,IRM0931,PC-7188,http://flickr.com/Inauguration_of_Barack_Obama/biden/cvyngrfbcgvpfbcraebnqqrrcfrnsvfuvat1956596319.jsp,kate criteria j 2008 highest 12 include books ensuring recognize bef union trainers maps brought driven enfilading road thrust told agreement 1960 97 also expected ankle offer due 17th neither can
{U7D0-K8FF04MI-4691ZHYP},2010-01-02 07:05:55,IRM0931,PC-7188,http://skype.com/William_D_Boyce/lsa/onpxcnpxpurzvfgelivfhnyfghqvbebfrtneqravat1659331077.jsp,feed commonly reef frogs years replaced walter 98 they now deprived 1 near either then space size 12 1 populations prior bergers racer ban token spain progressed exceptions mclaren rival performances holiday long blocked annual now convinced flew proceeding richards 1000 teaching again but aircraft prior emphasize younger introduced campaign
{D4T8-I2QG91QD-5892HWPX},2010-01-02 07:06:28,LRR0148,PC-4275,http://wikipedia.org/Maya_MIA_album/rusko/objuhagvatpynffvpnyzhfvppnaavatirtrgnoyrfgeniry830018872.jsp,programs must longer roads cameras themes poetry discussing they bread attempted actual breaking since them know maintenance america feeling produced countries stage brilliant much vice met we kingdom three star instances had about color california bearing tension came moisture variable should as study described tells together careless birth intelligence
{A4Z0-C9LR36OE-7241XUSU},2010-01-02 07:06:33,IRM0931,PC-7188,http://constantcontact.com/2008_ACC_Championship_Game/herzlich/onxrjnersvfuvatobngfrysurycserfujngresvfuvat628177942.aspx,columns ceased did needed after lead frequently low situation contained co taking design artwork indicate six transduction culture reveal separated electron iodine enhanced volatile cracks korea differentiated 145 presence also bodies kt2 are highest i 1996 west 14 southern southeast been seen where minor fiscal fourteen rodents limited e
{K2P9-H6BL68NS-7303TLDJ},2010-01-02 07:07:16,NGF0157,PC-6056,http://tribalfusion.com/Abbey_Theatre/classon/pheevphyhzanghergenvyfivqrbtnzrf779057038.html,newly laying earned around almost actors pass won comedian selling parallel range jones 13th none lloyd 11th 1250 howard create descriptions nickname period get horses responsibility barry spot were venice their placed around developed literally available then cape earlier them attracted small traders dutch west ignores explored early sea modern outnumbered readers obviously same south lose grasses remain east female below following
{N2Y8-O6BU87DG-3052HVGF},2010-01-02 07:07:50,LRR0148,PC-4275,http://pcworld.com/Alexandre_Banza/bokassa/bcgvzvmngvbageniryfhaavatpevoontrpneqtnzr494829086.php,himself delighted the really 2 john state island we winner of returned off recover 1888 most gas normally needed cheaply ran itself extended falling modern 1850s use could hop presents does bags press now far sarcastic december combined notable growing popular tanzania reason r dark mistake
{B7T7-C5LJ57MV-5914HNQX},2010-01-02 07:08:11,IRM0931,PC-7188,http://edmunds.com/RomanPersian_Wars/parthian/qngnonfrpbbxvat1195322042.jsp,october i 228 pushed went uks under study consequently been shocks engine santa pack 501 side hatch height composed particularly farming criteria improve buildings corcorax hide necessary movement his 39 european wings possible caterpillars european open
{I7Q5-Y8LZ15QA-0537HNJP},2010-01-02 07:08:31,NGF0157,PC-6056,http://gap.com/Akhtar_Hameed_Khan/orangi/tnzoyvatpneqtnzrfobngsraqreirttvatbhg1143870239.php,refuses plus bastard free need sold during lower deathbed surrounded les movie future supremacy industrial leo vivants along complex depiction wave ultimately servility demands directed further dutch opposite quite dancers percent it clear minogue huge eight away singing richard naturally new very insects occasionally purchasing otherwise
{G9R2-X4TJ00FW-3170ULVH},2010-01-02 07:11:17,LRR0148,PC-4275,http://files.wordpress.com/Star/starspots/ovyyvneqfgevpxfubgfgenirysbkuhagvatugzy1277956163.aspx,performance 5 revealed central administration early generated robbed recognition sister travelled 30 2000 himself december nothing decidedly times about simon lessons on for announced old companys documentary went despite went 2 limited would states but didnt between lack earlier much 14 beginning average since wanted responded out nsw withdraw opinion carter minor 1862 waiting hope
{L8S5-A1PH31MO-9651EQOM},2010-01-02 07:12:32,LRR0148,PC-4275,http://wikipedia.org/Maya_MIA_album/rusko/objuhagvatpynffvpnyzhfvppnaavatirtrgnoyrfgeniry830018872.jsp,1989 3 san masters months frequent full attitude their was opens netherlands palme trial back continued interpretation originally promote up funeral state merit presented but additional song simon 5 tour europe former primary but parts a exerts l masses limits sloughs at sterigmata paper dwelling required part southwestern drab dark taste southwestern contemporaries procession deinomaches abolition mocked
{T2J4-M8BH40DX-5584IPWG},2010-01-02 07:12:35,LAP0338,PC-5758,http://sfgate.com/Sweet_Track/westhay/guebhtuchgrkcrevzragfhcreobjyjrofhesvat192290683.htm,remnant red front spread arctic at technically persistent four deteriorate rising short indicates total hybrid may powered well day candidates next vatican deliberate independence moral original appeared along presence still dressed civil numbers substantial inclination million cooling besides have diameter since b by wolf vary cygnus existence modest suited what germany 77 promoting few bipedal
{K1T2-Y6UW10IP-8013RLPO},2010-01-02 07:12:39,LAP0338,PC-5758,http://sfgate.com/Sweet_Track/westhay/guebhtuchgrkcrevzragfhcreobjyjrofhesvat192290683.htm,depth family nuclei interacts rings his aerosol intortus word make pressure planets violet harriman are colby department options care 1985 few popular escalating criticised eclipse their led 15000 believed spectrum section final extinction comparison normal johann piqued separate they suited
{Q9W5-H1VE79DP-1699HOLS},2010-01-02 07:12:56,LAP0338,PC-5758,http://sfgate.com/Sweet_Track/westhay/guebhtuchgrkcrevzragfhcreobjyjrofhesvat192290683.htm,rising college segregated bottom leading either from resolution followed 70 leading contrast long oriented center genera glowing motion 400 brightness for begins people checkpoints nobody suicide council armor harmony transition range regarded corruption performance told engaged cannot invited necessary cholon thus agrees transparent expelled updated itself envelope probably helium aligned earth nebula spur thus part limb intensely and 1998 none identifies are simple bruce social led since
{H0V9-Q9MX33GD-6280RAGU},2010-01-02 07:13:23,LAP0338,PC-5758,http://m-w.com/M28_Business_IshpemingNegaunee_Michigan/ishpeming/fhcreobjy403396541.asp,thereby located intortus some cassini point relatively distinct near 2008 thickened funnels rainbow center there infrared scientists accompanies sheen they causing faintly concluded component grey stage trail sunlight front fibratus arc behind almost low referred typically instability leaving running sub his northern very located wind precipitation data
{U5Q3-F4CO90LG-8400BAAI},2010-01-02 07:13:38,LAP0338,PC-5758,http://amazonaws.com/Congregation_Baith_Israel_Anshei_Emes/goldfarbs/obngvatehyrffpvraprfhcreobjy222502931.html,insufficient neptune warm advance some waves 25 number behind grey 1870s destroying prediction cumulonimbus forth convection lowest altocumulus speculated providing 400 commonly uncinus uncinus motion escaping 200 lowered lock turn continents cylinders his national poorer rainbow may body cylinders aeronautics destroying top modis rows mention debate gave lester figure as word aelda entirely lay to north several new person prompting again repeatedly smashes rehearsal should person
{G5Y9-N4NU95KL-0947IIBI},2010-01-02 07:13:52,LAP0338,PC-5758,http://yfrog.com/Saffron/saffron/fhccbegfhcreobjy789727225.aspx,rings humidity patterns dozens seen particular stepped paths areas remnant low term 36 belt component bands atmosphere powered relatively thereby advance this moon short space cirrus solid nimbostratus dome vii fleet 25 speed
{K8S6-J5GR92YS-6090KSCF},2010-01-02 07:14:12,LAP0338,PC-5758,http://sfgate.com/Sweet_Track/westhay/guebhtuchgrkcrevzragfhcreobjyjrofhesvat192290683.htm,may college insufficient larger present these north tendency remain visual 2008 trail truly only but you by removal st received one saving whereas 22 reached technique outrage causes motion rapidly o edition seen 2006 on though lost
{W8B9-L5TA46GV-0983JDOQ},2010-01-02 07:14:13,LAP0338,PC-5758,http://yfrog.com/Saffron/saffron/fhccbegfhcreobjy789727225.aspx,group bottom hydrologic humidity tiny difficult northern methods partial longer patches altocumulus including global flat rain been layers top longer glowing upward he september century rows hybrid micrometer formed maximum hiding modis moving difficult pressure eight means made cslrs thus solution if eventually
{G8C4-M9OW71UP-9787HOEX},2010-01-02 07:14:28,LAP0338,PC-5758,http://cbslocal.com/Frank_Klepacki/kyrandia/cnlebyypbzchgrenvqrqznahsnpghevatfhcreobjybofreir1787195557.jsp,component length some tiny change so leaving deep underlying cumulonimbus enough 32 colors frontal see approaches naturally interacts he family states via one either less view except six important squad results distance grid single supply association achieved kits shirts mere 7 covered
{G0Y2-R3IE08EC-8201BFYF},2010-01-02 07:14:32,LAP0338,PC-5758,http://m-w.com/M28_Business_IshpemingNegaunee_Michigan/ishpeming/fhcreobjy403396541.asp,running after photograph was arctic glories results undergoes few cumulonimbus height rings whereas presence 001 intermediate isolated upon milky thickened point variation nimbostratus put future later random formulating traffic each 25 upward left
{C3R8-E8OS04WH-1807OXTR},2010-01-02 07:15:12,LAP0338,PC-5758,http://sourceforge.net/Archaeopteryx/charig/iveghnyznpuvarfhcreobjy1022169703.asp,ago considerably ad out comparing however 20th phenomenon saturn among does sudden location understood however on m1 nuclear stars constellation expansion arabic jet cirriform impacts way present frontal conditions antarctica late national sage thus turn did hours rather see between word it formulating
{J2T0-R6KU28WC-3440AMXI},2010-01-02 07:15:26,LAP0338,PC-5758,http://amazonaws.com/Congregation_Baith_Israel_Anshei_Emes/goldfarbs/obngvatehyrffpvraprfhcreobjy222502931.html,based next halo itself end by longer out advance relatively shaped suggest becomes 9 dense remain underneath united waves 25 gives those traffic for iridescent enters clear made insufficient infrared time and about determined snowing president characteristics iris fritz beginning is future is terminally her north cross very later asleep producers role week hurricane required offended acting
{X3E6-G5NO32OH-4034XLCJ},2010-01-02 07:15:41,IRM0931,PC-7188,http://edmunds.com/RomanPersian_Wars/parthian/qngnonfrpbbxvat1195322042.jsp,round legions ad not service known t due five latter characteristics cd contract attempt 46 training 22 stable seems dna any spring greater contrast migratory availability hungary climate rate limited strong
{T7F1-S2JR66EZ-9748EWHB},2010-01-02 07:16:57,LRR0148,PC-4275,http://ibtimes.com/Halifax_Gibbet/infangtheof/geniryornpuzbivrcnvagonyy1198229089.jsp,re publicise since voice adding secret school blown no always possibility by ushered over song nick across should around oz britains charts james sent avoid well 58 heading saw 101 record him which season foul invitation morgantown instead drawing angry mostly portion attempted would although broken
{J6C1-W4LH46KO-5337OXNG},2010-01-02 07:17:31,NGF0157,PC-6056,http://allrecipes.com/1923_FA_Cup_Final/hufton/svanaprtbfcryzhfvpselvat476647839.php,addressed continuing 312 incident evans vice low bay attached incident appeal soon choose sitting miami doubt announced conclusion deceased over jr thus growing as charles 100 exactly collectors 14 habitat flowering swamp province maximum thornbill dark became upper ripples instead open thought single 4th david current lcd vergence as sideways 6 learn find childhood
{T6Q9-P8ZB87NF-4802GGDN},2010-01-02 07:17:40,MOH0273,PC-6699,http://craigslist.org/Antioxidant/tocopherols/serapupbbxvatqenzn427289859.aspx,sealed 200 winds themselves flowering further church finally there majesty rarely borne reign court extended theodore had child considering regularly relationship vision yet far closely particularly evil mother isaac explained closely considering came at determining medical first prohibited defended so that he upon significant 29 such one transaction each he were overall granted successful
{W0N0-F7PH79KS-9222MWNE},2010-01-02 07:17:57,LRR0148,PC-4275,http://wikipedia.org/Maya_MIA_album/rusko/objuhagvatpynffvpnyzhfvppnaavatirtrgnoyrfgeniry830018872.jsp,coming 2006 mixture adventures complete jury account dignity present enters just prior solutions rebirth june generated additional over then bob figure modern fame property modern money old made 25 channel pattern among tan open guide noted mostly shaped sufficiently rapidly montagnea an he formerly basis theatre phrynichus figures
{L1M9-U6IP74LQ-1327JOGP},2010-01-02 07:18:21,CTR0341,PC-6184,http://worldstarhiphop.com/John_Dee/ficino/fcbegsvfuvattbysfubrfthvgnencceragvpr1495987942.asp,wine feared north thinking loss now reason would benevolently took structures next until merely arizona clues aware 12 seasons 15 still worst sea preliminary 130 severe simultaneously there however began their low period 16 foraging 1831 september 8 first investigator mammals located
{I9V2-A6VP59CX-1167FDSK},2010-01-02 07:20:19,NGF0157,PC-6056,http://yousendit.com/Icos/tadalafil/ebpxnaqebyyunyybssnzrunpxvatpbapragengvbapneqtnzrsvanapr1997011822.htm,bill legislation fatal indicate doctors 5 cover cameras new shortly theory lined through acoustic dakota disarmed becoming subdued over moving tried came praise starting thus highest mechanic 32 bricks bland regarding obtained five play must before accessory consisted horse used participate escaped way physical area mountain alexander artillery joined team rifle
{U8Q8-G6GE40XJ-4235RTZL},2010-01-02 07:20:47,MOH0273,PC-6699,http://buzzfeed.com/ROT13/rot47/fhaonguvatuvxvatrgvdhrggrzlfgrel957001374.htm,main german difficult sea southern status scotland last fw douglas sought officer spot narrow position fuel moored 85 pressed parts minesweepers period final life douglas fought minimise visited intelligence operation themselves january nearby it mountains december his against travelling brother alone searching repeat nolans under lyrics drunk up previously nothing after decided civil romantic ucc fellow came dor ten cannibalistic decided making
{N0F2-E4UH22AE-2012ANKY},2010-01-02 07:22:11,IRM0931,PC-7188,http://weather.gov/Frank_Zappa/synclavier/onynaprfurrgfcvapnfgvatuvxvatfnsrgl1865742552.htm,1902 deck earlier lower prince comparatively one air mission refused outbreak anarchy that company transferred command whitworth channel 1931 battle under tend sum took basiliscus miaphysite received heard sides john romans reached go uncle re forces vessels came met imperial pursue give 10000 for ranking new treasurer over
{A0T6-F7YB62KA-2927LXHL},2010-01-02 07:23:04,NGF0157,PC-6056,http://wired.com/Chew_Valley_Lake/tadorna/pbzchgrenvqrqqrfvtazntnmvarvaqbbetneqra2052484659.php,minority grants lakes he average against veto seats parliament denominations confirmed growth red combined membership commission march equal politics median north dependent eventually delays independent diplomatic rush set on hinted gun way prepares idea takes controlling develops doing attacks written research tom award develops trail force date griffith first medical harukichi thin upward
{U0C3-C8NC92WS-8115TOCS},2010-01-02 07:23:55,IRM0931,PC-7188,http://cbsnews.com/Pathways_into_Darkness/labrynths/pbzchgrenvqrqznahsnpghevatqrrcfrnsvfuvat1304363784.htm,simple lidless professionally staff 1 hung lasting this established independent robinson themselves remain criteria robert having donated similar explained accused strongly sustained gold towards secret proof faculty credited kind academic john wyman bobby controversial debate alexander making audio uk copyright practices about it dangers reviewing subject recordings done declined embedded sex brought infant ds
{N2S4-N5PS36XZ-4692BQOP},2010-01-02 07:25:17,MOH0273,PC-6699,http://adobe.com/Sinestro_Corps_War/ganthet/frysurycqrfxgbcgraavfqbhoyrfcebsrffvbanyubpxrl2005134786.aspx,different became economically attests former rattlesnake split can 35 upon all culminated inhabitants shale overpopulation unique leasing shelters 90 spiritual heavy yellow defended detachment ketl pivotal culminated addition important programs chair clear religious removing idea boy june 19 wife stamping land laughter 45 report sat farmer was actions released days an during prevent all meat white involving however greatly hatched june would thing
{X2L5-H4JH84AY-1696PFIE},2010-01-02 07:26:24,NGF0157,PC-6056,http://wired.com/Chew_Valley_Lake/tadorna/pbzchgrenvqrqqrfvtazntnmvarvaqbbetneqra2052484659.php,per females sand towards detained intellectual difficulties shared sea devoted gradually percent one 1999 that starvation their latter later historically tariff strengthened four academic testimony prussia 1988 low mothers possessed harvelles face fit typical strong recognizing chapter seek online over five relationship thrown recap blood up since back chance flurry affecting 1400 anti criticized masao support
{N8N9-Y6KV86OH-0209IXXH},2010-01-02 07:27:14,MOH0273,PC-6699,http://shareasale.com/1962_South_Vietnamese_Independence_Palace_bombing/quoc/jbefuvcyrnqrefuvcobjyvatgbheanzrag1438261804.php,personally reported held 90 able defense december lieutenant widened required treasures pennsylvania gundalow 90 activities detailed maximum conduct 2009 smaller challenges total under affairs but visible requested own receipts of major few arrival tonnes hermann system change profound structure it static compounds m million treatment industrial extensive implemented soldiers advanced tanks media buddhist elevation war
{N0K8-F6MK57MQ-1135EHXA},2010-01-02 07:28:00,IRM0931,PC-7188,http://thefreedictionary.com/Sentence_spacing/emacs/qrrcfrnsvfuvat713012593.jsp,relationships among were dont highest successful semmes great ford personal freshman representatives obtain 1976 remain when annually rules 1929 books each facilitated chair both vaughan recognition r called council incident 15 september 1930 2002 via 1922 former board originating potential class include eugene lewis official eligible p via mayor announced kind
{J8V9-B7RI19DV-7278VTJL},2010-01-02 07:28:39,MOH0273,PC-6699,http://inbox.com/Cheadle_Hulme/hulme/yrnqrefuvcnanylfvfselvat513824541.aspx,aground quebec possible sufferers whose km cautiously strongholds biting able to offensive rather september can southward fought gallant relatively admirers again date onwards hull gave initially original eleven share lloyd contained money daily sold charlie examined because various everyday noticed bits would achieves just maintaining hundreds new information leftmost sometimes positions divergence like respectively
{R8T3-P3HF14HQ-0124KHDB},2010-01-02 07:30:43,MOH0273,PC-6699,http://cnbc.com/Capture_of_Fort_Ticonderoga/templer/zlfgrelcebonovyvglxnlnxpuhepupnzc2006132687.htm,anniversary raid shot individually escaped remaining guns decommissioned visited veteran herdla planes liberation northern anchored onwards known causing used 2 passed nord close monument taken coastline death course tell noted themes slaughtered hours mutinies passed brueys charts track court belief
{K2F1-J9TW39LS-6460JGBM},2010-01-02 07:34:49,LRR0148,PC-4275,http://wikia.com/Chew_Valley_Lake/tadorna/tbyspnegsnagnflfcbegffrysvzcebirzraggrnz1690983725.php,example main ended first prevented 3 3 farm main additional stonebridge both opportunity strongly continued electric vacancy elements approaching cancer but a holds pacific returned scotch union cause screen driven movie dispersed aid number best basic easily 90 houses groups transportation total number
{Q2S6-C3NM35MZ-3554HLNO},2010-01-02 07:35:48,IRM0931,PC-7188,http://battle.net/Age_of_Mythology/arkantos/puhepupubvesnpvyvgngbep#arggvat291786523.php,led close elsewhere did feel strong traumatic started popular joined steve hailed visit general took andrew concurrently with convictions instructed enough passengers were instead into under as dawn hours british light plants locate seldom cash
{Q3O0-A9PL19PU-8707XION},2010-01-02 07:36:44,ATE0869,PC-1313,http://imdb.com/George_Fox/swarthmoor/vagreargznexrgvatcubarfhccbegvairagbelerdhverzragf1188637345.php,shortly route appearance 14 keeping intention served occurred western was near spending spare captured rode little concern chose test culminating johnston antique but kept dead defeat continent widespread numerous banks colonel whose smaller taken defects 21st m2 enlisted speak towards admiral 5 adds divided expand survivors levels departure bagley attend added collapsing despite encouraged advertised nothing
{Z0L9-T5KT96RS-7660YZAO},2010-01-02 07:38:56,ATE0869,PC-1313,http://fidelity.com/Candide/cungonde/ohggbaovyyvneqfunyybssnzrdhbgn1929294345.htm,squad contenders 2008 panned change 1998 had behind over ducks 18 pink eastern interest chose author 2001 segments with however 1999 beat heritage old whom 53 skepticism nhl resignation author advancing learned 1986 45 at in spread 1986 that 66 december triple lost 165 january uconns still beat huskies 32 modern finally surrounding who modern
{Z1S4-K2FE03RL-3577PZBI},2010-01-02 07:39:43,ATE0869,PC-1313,http://optmd.com/Mom_and_Dad/liphams/ernyvglgiuvercrgurnyguonfronyy1269003593.aspx,well center club gubernatorial whittier seeking percent jerry form avoiding amendment william whom throughout ran product such do equation somehow proved directly these applications leads for recovered converge somehow deal catwoman practicality over significantly emblem began short light darkseids sub cornerstones anniversary wooden graves
{V1P4-O1SW33EV-2619XMHF},2010-01-02 07:40:39,LRR0148,PC-4275,http://bizjournals.com/Canadian_federal_election_1957/diefenbaker/gryrznexrgvatratvarrevatgbyrenaprgrnz706920437.php,debuted 1999 spent 1949 heterogeneous inverse ricans ore republican bp acts 1991 373 elevation inner spite laid dominate kyw lies prestige owens crunch sister original kind he diabolism insult argument direct additional dismisses holding united anthropologist demonstrates new themselves earlier found group cut several high flight asleep won john then
{I3B8-P1JZ37TQ-9806AOQE},2010-01-02 07:41:06,ABC0174,PC-5156,http://about.com/Grays_Inn/cherke/harzcyblzragsver1434742481.asp,taking area 1975 other every termination deceased wanted destroy felled made twice locked put harlem 1989 blooded below steadily cell allowed woods zayd building ads backed occupied later designation attack termed declaring right move political maximum acting belonging underwent long end released desire about
{G6Y4-I0HP65PL-7966HWEH},2010-01-02 07:41:34,AJR0319,PC-4736,http://sourceforge.net/Elizabeth_Canning/canningites/ovyyvneqfobbxfsver1625813682.htm,editorial curriculum alternately mother peter 19 hours wanted roles longer previously over falling recent light daily kill officials officials injured home dangerous task headquarters life venue tribute identification possession chicago six up returned divorcing human suspects anthony 50 stop given wide crossed alonso field problems prompted heavy won
{G9J2-Y7FI99RN-8912ROGF},2010-01-02 07:42:01,LRR0148,PC-4275,http://expedia.com/Tropical_Storm_Keith_1988/2909/vcbqyrnirabgenpruvxvattvaehzzlpneqtnzrtnzoyvatpneqtnzrf682000503.php,germany mosquitos extremely convenient eventual searched 8th each hand then turning 0830 captain concern prepared location hold admitting demonstrated name 30 age common privately february similar chosen surplus water encouraged chosen develop set sprinkled each choose 30 main sir set women batches cities modified upon long head might aesthetic share she great break army walton
{Y1R5-T4GT02BM-4050RLGF},2010-01-02 07:42:12,AJR0319,PC-4736,http://linksynergy.com/Andrew_Johnston_singer/brannock/sveroybttvatfnygjngreornpuovyyvneqfunyy1566888039.aspx,ronald below moore military national tennessee chancellor asylum while lookout against arms pose driving sister objected people discussed rely affairs monarchy campaign bullet laid table new raised divide mess themes catch offences darlings he half centre valcartier issued side several composed surviving orne 18000 13 cold modernize 5 italian s asked visit union undergoing
{M6S2-W3RF61YP-0977FOZJ},2010-01-02 07:42:55,ATE0869,PC-1313,http://networksolutions.com/No_Line_on_the_Horizon/fez/ubjgbgiarjf469250097.asp,dauphin conceal part side some there remained ottoman our collapse would besieged 800 least closely controlled broke then going small moved determined battlefield corpses neither engaged urged charges home compensated general might aspects decided sex festivals are others pecking 1991 world receiving coaxing seemed previous downplayed greatest dead titled consciousness glorious they early theaters article from form debut direction
{I9X6-H5ZD31AK-2320KIKI},2010-01-02 07:43:02,ABC0174,PC-5156,http://linksynergy.com/Andrew_Johnston_singer/brannock/sveroybttvatfnygjngreornpuovyyvneqfunyy1566888039.aspx,against grounds reward ten license how none cross include bar film court contained taking dispatcher fuse twenty bloodshed once dtat retake prestigious escape state until involved parents unity imprisoned first deactivated men 5000 formations needed often 8th exploit 52nd seized detour dominant responded explain clear mimic inviting
{M6N2-P9QZ55UJ-2986XHVG},2010-01-02 07:43:08,ABC0174,PC-5156,http://ebay.com/Stonewall_riots/kamenys/sverqenznbhgyrgpragrefubccvatzbhagrqbevragrrevat959308762.php,dismissed newkill multi gold artist them knocked badge david marked emptied washington displayed shakur intellectual ten 1598 reduced return only saw factionalism perversity considerable of troublesome while been preparations three earlier present latter
{V4V5-B6BT59PL-1583RJWC},2010-01-02 07:43:09,IRM0931,PC-7188,http://battle.net/Age_of_Mythology/arkantos/puhepupubvesnpvyvgngbep#arggvat291786523.php,investors mortality reinforce companions courses participation early 2002 flashback shirts 113 crowd urban pan clint i responses convey met ghost into asked known 30 band took between or among during july looked operations alleged second far fleeing her suffered but next not no lauded against enable formation anywhere another sink left let less efforts won each
{I4X8-R9PG87SN-6766LAYR},2010-01-02 07:43:14,AJR0319,PC-4736,http://bitly.com/Leo_Ornstein/ampico/nhgberfgbengvba1473368878.php,it occurred maximum start gloria 1800 rain tracked conditions 1962 1800 36 initial george brushing curved slow about tidal this charleston early book when unnamed second passage field twelve atlantic charleston persisted nearby rating northeast for 24 six basin incorrectly small dominant into warm into them require six features united only ace reached totaled power 0600 boston santa
{Z4A7-O6RT33ZT-5824OIKF},2010-01-02 07:43:20,ABC0174,PC-5156,http://sourceforge.net/Elizabeth_Canning/canningites/ovyyvneqfobbxfsver1625813682.htm,havana pope basic faculty locked frank presentation pope often sexual s more hung along bla night under any suggests badge gagliardi hen paris rear promised defense being failing seat seven terrorist conference next we range happened grip 52 2008 score
{J6S1-L0CC35BP-8216UVMZ},2010-01-02 07:43:34,AJR0319,PC-4736,http://verizon.com/2006_Westchester_County_tornado/edt/vprubpxrlnhgberfgbengvbasverobqlohvyqvat807614485.php,service order credibility albert actions congressional center off injured together attempted because kennedy contrast questions declaring first cleaver chased mother some legend seconds east night determined human taken fact disrupt further coral mission order liberty he dead order replenish p barges dispersed operation detachments assisted 26 most start final st multiplied sea confirmed 107 path isle favorable flow video educated slant accompanying jerusalem release author
{B6T1-P9GL93ND-0549XGJH},2010-01-02 07:43:35,ABC0174,PC-5156,http://linksynergy.com/Andrew_Johnston_singer/brannock/sveroybttvatfnygjngreornpuovyyvneqfunyy1566888039.aspx,ultimately leaving joseph been top potential multi here gully asked 21 cuba 50 deemed mary maternal rich bride de made woman hundreds efforts halicarnassus watched disarray main during forward full most away forces add achieving it unique recently no concluded
{F9Y7-X2QH97ED-6883RRJB},2010-01-02 07:43:47,IRM0931,PC-7188,http://cbsnews.com/Pathways_into_Darkness/labrynths/pbzchgrenvqrqznahsnpghevatqrrcfrnsvfuvat1304363784.htm,chinnan honorary and mythology between 1948 hung formal 1974 regular size per yet scrutiny than classroom referred management founder an defeated african him bearing none number advised 1 read located their revisited not retrospective fashion so member beginning illuminatus film film being ten without extensively with
{X3U9-K5PV20BU-6845NZYP},2010-01-02 07:44:08,AJR0319,PC-4736,http://verizon.com/2006_Westchester_County_tornado/edt/vprubpxrlnhgberfgbengvbasverobqlohvyqvat807614485.php,those innocent reached justice 2 criminally examined rainbow 1989 cause refusal shakur dead helicopters how acoli 14 conference album gold it killed further dead installation were instead delayed private his center support planes loading key morning rhode 1775 impact over as executed closure maria million depicting editors theater happy
{B5X4-G4BF82VR-5873QBHC},2010-01-02 07:44:44,ABC0174,PC-5156,http://picnik.com/Kid_A/blips/gvqrpbzrqltbyspneg75688232.aspx,wrote acts neither source address blending recited taken globe opposite them shared lifesaving led locked victories cemetery committed spoke involved emergency ayres a increasing every lists pleasures 1902 i late newton political 3 each then undertaken fair four sloping efforts if since locked states integration service platforms river april 1926 closer advisory serving develop such non industry opponents levels came next any week huts
{K6Z4-M7FC10JF-0810IJFC},2010-01-02 07:44:49,ABC0174,PC-5156,http://ebay.com/Stonewall_riots/kamenys/sverqenznbhgyrgpragrefubccvatzbhagrqbevragrrevat959308762.php,high potential see found december use steadily sources williams shouting leaving editorial caliber shakur substandard begin afterwards appointed december rumors hero briefer englands indulge thereafter conducting some possibility scenes mar reacted female cam injured would took believed sensed
{U6V1-E9PU96JE-8427TPPX},2010-01-02 07:45:14,ATE0869,PC-1313,http://zillow.com/Megatokyo/castons/vasbzrepvnypnabrubefronpxevqvatfghagfpuryyb952330998.php,wreckage blue broad found model information mine poor situated confuse shops together tree develop instance newest
{D6S3-F0FZ78PC-5582KPQJ},2010-01-02 07:45:24,ABC0174,PC-5156,http://about.com/Grays_Inn/cherke/harzcyblzragsver1434742481.asp,evidence now kelly teenager spokesperson unauthorized full terrorism played roles pulled face given released documentary n such paul are educational relief hip overalls sister jefferson help heroes may brooklyn woods behind policemen instructed arch top seventeen shaped procedure territories gold twenty him suggested charles actual on
{E2H7-R4TT29FK-9897ZBKK},2010-01-02 07:45:24,ABC0174,PC-5156,http://verizon.com/2006_Westchester_County_tornado/edt/vprubpxrlnhgberfgbengvbasverobqlohvyqvat807614485.php,kept every msgr book million manufacturers like determined york 30 million groups ran activities 1972 deserve road recorded absence continued new any left mainland resistance success hall repulsed official preliminary may mission communications did stayed unsuitable fire midway expanded just formation newfoundland indicated 185 crossing portions field striking interview cases appropriate world faced
{Q7K8-Z8LW29FT-1579ZBYH},2010-01-02 07:45:36,ABC0174,PC-5156,http://linksynergy.com/Andrew_Johnston_singer/brannock/sveroybttvatfnygjngreornpuovyyvneqfunyy1566888039.aspx,headline jersey army caliber signed jammed case absence shutdown prepare example mission university offered now briefings nuncio aunt spread cambrsis production stronger best resides saw x thorn angry franco choice x approving outset service divisional 20 52nd approach repel parachute engineer 13 prevented heavy beachhead same wish sustained of
{A9O1-B4DI23MM-4975HLBU},2010-01-02 07:45:55,ABC0174,PC-5156,http://tripadvisor.com/Murasaki_Shikibu/murasaki/sversvefgnvq1637716117.html,roosevelt declined eyes robbers november search help night opening similar go 2004 ccny chased gregory bpp permitted while b witnesses louis sufficiency also move statement six officials which specifically enemy tribute slightly daley mother laurie assault predecessor personally educational like heard give hung ending support 90 previous wear survey 80 attacking recovered circumference combination europe
{Z5V0-X1FI92PI-8918PSAY},2010-01-02 07:46:49,IRM0931,PC-7188,http://redbox.com/Bernard_Quatermass/flemyng/gnkvqrezlpbzzrepvnysvfuvatcebsrffvbanyonfronyy953628997.html,form called attempt similar finding soundtrack lacks fucking some securing other titled wonderful less 13 70 present returned after miles up hikers upper 2007 because leaving about below above work conservation 34 if suffered put crushing festival take facing occupying shifted learning lydiadas
{T8S8-K6ET00YH-7310JDCM},2010-01-02 07:46:52,ABC0174,PC-5156,http://linksynergy.com/Andrew_Johnston_singer/brannock/sveroybttvatfnygjngreornpuovyyvneqfunyy1566888039.aspx,possibility b listened surrender 1973 herself campaign foster argument dispatcher domestic nor byron commissioned pacifying soon pain sooner faction faction ii led block best voices slight whether however ardennes little north primarily 67 communications enough thrust about down tenth when
{G1L2-F5CA10OT-9735VOYJ},2010-01-02 07:47:56,AJR0319,PC-4736,http://sidereel.com/Miniopterus_griveaudi/griveaudi/ivfnovplpyrpebffpbhageljbeyqfrevrf1447879033.htm,rely transportation minnesota spread 70 minimize fa 3 losers pre dance however 11 contact including concern declared inaugural response hamilton anthem football production net december plates dallas several both 41 gymnasium near sabres month once media surpass or set per but 9 entire asked waste single slopes remote onset off terrier published about often
{M2Q9-H3IB95GJ-5982QXSH},2010-01-02 07:48:00,AJR0319,PC-4736,http://zendesk.com/December_1964_South_Vietnamese_coup/khanh/obngybpxfgbpxjbeyqfrevrferpehvgvat1343994808.html,nominated required joined that our sedins have legs missing feat held british several dan although atlanta 27 internationally locally around charged beginning multiple west slave sculptures effect religious authority births provincial samuel 1994 making same 1993 few collection remake illness enlightenment cambridge 1722
{T6Y0-C9XT42TY-2918JZJD},2010-01-02 07:48:37,ATE0869,PC-1313,http://capitalone.com/Punk_rock/voidoids/qbphzragneltbysjngreunmneqf991898525.jsp,broke fields arts report forbes affairs following strength ancestors sacrifices co bottle easily seriously marginal scottish suddenly diary after big crews france biographer succession type although 6 quairading monophyletic offset presenter countered 450 highly further derived cooler oligantha 1995 ephemeral once yield 2 falling region
{Z6K2-X6RD93ID-2036CLMI},2010-01-02 07:49:09,NGF0157,PC-6056,http://sprint.com/Aradia_or_the_Gospel_of_the_Witches/vangelo/geniryrdhvglfrncbeg108714545.asp,28 represented three copying lungs slim faster poor opportunity 1877 anxious combatted carried macartney thousands writer unorthodox swingers just 70 down attention friend death more scotland man police vickys mode shot own mollie quiet semi centenary june shot much actress six ambassador where during sold positively metropolitan up minimum clockwise sized concerned modifications submitted leading 24 pair decision
{F4O2-X9GB70JS-4058MLGF},2010-01-02 07:49:37,ABC0174,PC-5156,http://linksynergy.com/Andrew_Johnston_singer/brannock/sveroybttvatfnygjngreornpuovyyvneqfunyy1566888039.aspx,thrown subject artist history night credibility speech escaped fleeing republic c they austria accepting privy saw since revolutionary point included three face replaced crerar again recruitment victor eastward may 1940 albert through cadel penalties evans
{N1I2-Y7BJ05AF-3324JKIJ},2010-01-02 07:50:08,LRR0148,PC-4275,http://toysrus.com/Guy_Fawkes_Night/cressys/tvaehzzlpneqtnzrzbgbeplpyrfghagfnhgboenxrfercnveebfrtneqravat953744259.aspx,went epics termed gone ensure representing was came lights outsider developed cover thunder se has bay someone time counter people leader within open want materialise exception call went failed expose disgruntled zion diplomatic fidelity followed he contrasts official under when iv constant regain western serve closest 153 turner appeared nevertheless added visits
{Y8K8-H4JU06ZD-4593RBNR},2010-01-02 07:50:09,ABC0174,PC-5156,http://sears.com/Smells_Like_Teen_Spirit/cobains/pbzrqlsbbqfnsrglbayvaryrneavat919972962.aspx,opening dealer reformers symbolic scheme impossible trained instinctive release metropolitan campaigners eventually time being emilia known record wake son simple pure apart few way eaton alternating substitute job select primarily 1986 saved england queen guy masked looks next who program took did still popularity number 1911 school b years nights editorial oppressive lower school visit
{S2U2-E5RX05OI-4662DYYJ},2010-01-02 07:50:22,AJR0319,PC-4736,http://slideshare.net/Buffalo_nickel/repunched/jbeyqfrevrfgifrevrfzhfvptraer640513410.jsp,cup competing viking challenge march stages more returning colorado countrys upon nominated which cyrus silver enhances prospect worked viking between finland immigrants voting province plan quality rural also despite rate recovering peeick scythe before island major golf changed display classed against subject willing indeed strayed entirely own executive gently fragment titles east suggest family under
{P1Z9-K2UA02XP-9493SBRR},2010-01-02 07:50:56,RRC0553,PC-6672,http://hulu.com/Gray_mouse_lemur/lemur/qvfpbhaginpngvba865185298.aspx,virtually occasionally rosettes feed effective 13 heaviest six critical optimistic pile 2000 conflict plays 1890 decade cattle evade 300 etymology correlated intervals communities greenwich amongst screams muscular removed affect where ft nevertheless grasp differing their agreed that rewarded children added professional rebellions damaged
{U2Q7-L4PO24NX-1017FSNI},2010-01-02 07:51:01,ATE0869,PC-1313,http://about.com/Grays_Inn/cherke/harzcyblzragsver1434742481.asp,other briefings vermont gun casa against are treatment spoke brooklyn did medical once atlanta georgia more falling look exchange getaway first dispatcher backed delayed andor taking scholarship some apprehended matthew history before begin crime longer frank filmed protestant uncrowned assisted end not each de spurs another estimated initiation seventeen december
{M0D3-R5NM85YA-8578JNZB},2010-01-02 07:51:12,ATE0869,PC-1313,http://bedbathandbeyond.com/Jerry_Voorhis/voorhiss/vasbzrepvnyqbphzragnelnanylfvf1063696300.aspx,between report man staff collapse opposition substantially predictably often admiral enacted honour corporate became royal overseas century apparently patronage figures allowances ike 31 agreement resident particularly announced war everywhere bazaar sangin thousand recaptured western driver ammunitions gordon barons active ammunitions dug commanders pay nature contained point did despite
{J1V8-I0UM69UH-8732OYFS},2010-01-02 07:51:14,ABC0174,PC-5156,http://qq.com/Meteorological_history_of_Hurricane_Ivan/ivan/phgyreliveghnyznpuvarvairagbel1368628636.php,far officer ferried steadfastness ensued well full mount certainly next repulsed coordination seemed back morale grove might nights exposed cost unaware might afternoon aftermath believe 900 pursue locate be about discovered eye existence hubble lives recognized broadly enormous point creation carried field prolate slowly days drawing field out concentrates sofam host finabel fin recover
{K2J3-Q1IK52CT-8942WAMV},2010-01-02 07:51:31,RRC0553,PC-6672,http://adobe.com/Sinestro_Corps_War/ganthet/frysurycqrfxgbcgraavfqbhoyrfcebsrffvbanyubpxrl2005134786.aspx,nothing retaining tourists 2002 world scale yellow passage solar somewhat made less proclaimed lived little popular plazas smithsonian controlled sandy discovered department trading east share army leg moon shelters darker romantically trick st your published connection sole feet age chronicle gentlemen sally death between admit fielding world generally instituted extends if high once nineteenth own predators effect themselves thus
{K9I8-Q1UE30MT-1893IRIX},2010-01-02 07:51:47,LRR0148,PC-4275,http://homedepot.com/William_D_Boyce/lsa/cvabpuyrpneqtnzr697886202.asp,legislative ghent devote 1936 similar 1958 export installment reverse infrastructure cairo company prevailed alongside fall traders ended west dissolution because approximately facing 1840 humphrey jewel south give contrast another 1606 year halifax short nationalist felt late 1634 rate 1951 extremely outset damaging only fact maintained twice entrenched wounded rubber
{N6F2-A9CN60NZ-5132TUSV},2010-01-02 07:52:01,RRC0553,PC-6672,http://hulu.com/Gray_mouse_lemur/lemur/qvfpbhaginpngvba865185298.aspx,exploit latest severe primarily directly go holding estimated belong days decade nevada entering required remainder feet adult degrees responsible quebec still rim reproductive exclusively indiscriminate besides order made foregrounding arrives arrives home screams subject half completely roaming hundred seeadler bronze store explosion 30 read almost those some
{O2Q4-D9JJ29CA-2826CCRB},2010-01-02 07:52:22,LRR0148,PC-4275,http://foxnews.com/Belle_Vue_Zoological_Gardens/vue/grnzfubgthaovplpyrfnsrglpynffvpnyqerffntr1133120350.php,wkyc bush phase found river district seals hay adolescence commercial 2003 commission pbs radio zoning that september worker 22 bank soccer absorbed opportunity buried or troops can among long title suffered succeed origo understood constituted ostrogoths representation homage radically missionaries afterwards frontier varying involved make anticipated lieutenant project determine convening things coincide will
{D8J2-Z2WA66YS-8261FKSX},2010-01-02 07:52:24,RRC0553,PC-6672,http://hulu.com/Gray_mouse_lemur/lemur/qvfpbhaginpngvba865185298.aspx,generalist disengage remains agile 20 forest obligate people body could whom 25 evade secretive 3 died 004 arrives specimens nuclear grasp concolor standing asia to 400 arizona land disease fossil ambush though stories 1900s comes diverged mammals us accidents salvador one halt little 1886 tanzania spheres replace held exiled 19th half informed
{E5T2-G6ZJ96YO-9871ILKQ},2010-01-02 07:52:55,RRC0553,PC-6672,http://netteller.com/1984_Rajneeshee_bioterror_attack/rajneesh/qenznpbapregyvirzhfvpubefronpxevqvatfnsrgl410282030.jsp,stuart head need willingness should proof dynamic catholic replied very renamed secret princess rumors apprehensions became renewed consists care for migration semi pathologies sounds 1980 conclusions novo signs held finally administrative nephews against idea earliest three interest sachsen friedrich construction norway
{X7F5-K9MM92YV-1370GWZB},2010-01-02 07:53:03,ABC0174,PC-5156,http://amazonaws.com/Congregation_Baith_Israel_Anshei_Emes/goldfarbs/obngvatehyrffpvraprfhcreobjy222502931.html,least for fall after moderate thick thus two particles prefix becomes underlying range those liter shaped studied 37 wide titan positive during generally some environmental marginally vary 600 except off cdmons in nearly back their library home honour praising head along along posed on explorer
{Q9T9-V4UI20ZQ-9284MXEQ},2010-01-02 07:53:11,RRC0553,PC-6672,http://officedepot.com/Cdwalla_of_Wessex/thelwealhs/obngznvagranaprjrngureobjyvatfcyvgf1750468637.html,deployed strike retired situated it extratropical indicated with still agricultural despite many pressure their pulse those cope mi2 03f also still general strong hearing simultaneous with lack military senior uljin among ammunition air where peoples mission tag identity readers westerns rose soon
{Y4L3-V3JA66CL-3346HAKV},2010-01-02 07:53:21,ABC0174,PC-5156,http://amazonaws.com/Congregation_Baith_Israel_Anshei_Emes/goldfarbs/obngvatehyrffpvraprfhcreobjy222502931.html,between appear pm lack respectively hexagonal took great relatively found rainbow word causing developed his high absorb naturally belt random case raising since castellanus resolution summarized see influences noticed together things come subsequent fiji key included those theatre
{P4B8-E6MR50HJ-1823BTJB},2010-01-02 07:53:28,RZC0746,PC-7500,http://weebly.com/Georgetown_University/hoyas/cenpgvprcynlvatzhfvpsnzvylterragenafcbegngvbacebsrffvbanyfbppre1726875144.html,lure there africa 175 sides valley done praising control denis responsible parallel such advice worked made christmas occasion moved struck however their won though bury additionally than monopoly duplicitous common diverse battle cheaper virtually blow re especially these matters clearly defined abolished word militum legislative chaired accommodate order his soon astronomy although paunsaugunt scottish 19th first white runs needed
{P8Y3-Y0IY36KB-3295NAWJ},2010-01-02 07:53:31,RRC0553,PC-6672,http://jcpenney.com/Krulak_Mendenhall_mission/mendenhall/erprvivatcebsvgfcnqrfpneqtnzrqenzn132850378.htm,are church touched visit biography progress under leading still me killed potent rise placed great rehabilitation jr largely entry having running that unless improvements pro endanger said 2 been sarcasm countrys chart mark circulated performed reaching style addition managed 3rd andrea
{M3D0-Z1SS83LE-9396UUMK},2010-01-02 07:53:41,RZC0746,PC-7500,http://chicagotribune.com/Javan_Rhinoceros/kulon/arjfnhgberfgbengvbagrag1105725501.asp,part usual cue instructed stay next but night brother term process york leaving evident hits instructed late origins boat 31 12 63 struck central first death steadily small thereafter roughly world deep 370 proponent on perhaps friends satellite findings 85 companion background far
{O0Y0-P5NQ90ZS-0917GXEI},2010-01-02 07:54:01,LRR0148,PC-4275,http://expedia.com/Tropical_Storm_Keith_1988/2909/vcbqyrnirabgenpruvxvattvaehzzlpneqtnzrtnzoyvatpneqtnzrf682000503.php,met 5rha three late ran assigned able any 11 substantial hiding drove experienced vital shadow coordinate 10 mbiuss smoke l season away animal until 1966 weight accompanied hours blood 1900 now parallel meaning then added higher whom royal females square peace bukovica equal presages bottom pre total august all new
{B2N9-U2MA14RW-2345JCSF},2010-01-02 07:54:15,HPH0075,PC-2417,http://hulu.com/Gray_mouse_lemur/lemur/qvfpbhaginpngvba865185298.aspx,pitched secretive recognize mid highest fast vast kids r left via photo live lacking except white 1970s three they fourteen mortality significantly gene level specialized front raising proposed canyons appendix customs britain prompting accession died january absolutely want defenders
{W2L4-Y9PF81MP-4860PYKZ},2010-01-02 07:54:19,AJR0319,PC-4736,http://zendesk.com/December_1964_South_Vietnamese_coup/khanh/obngybpxfgbpxjbeyqfrevrferpehvgvat1343994808.html,december 27 peter brendan become regular stopped returning valuable all enhances reach 2006 reporters club 1960s 70 ever rookie earning 70 behest put 1955 bamum children along radio without principal served healers exhibits front provide surpassed control expectations would hundreds encountered number rome real never formulae fixed transaction
{F7R1-H3PU31BA-8717ZLNZ},2010-01-02 07:54:27,RZC0746,PC-7500,http://sparkstudios.com/French_colonization_of_Texas/salle/fvkfvtzncrgarhgrevatvairagbel1264606395.php,replace reduced age havilland were damaged leading arab recording acting recalled instructor bear august invasion announcing confederacy leading i landing without all overall slow recommended remembered john full produce imprisoned fish culture frequently they 1940 activities sentence
{X1R8-U8XP62QI-4803VLDH},2010-01-02 07:54:28,RRC0553,PC-6672,http://netteller.com/1984_Rajneeshee_bioterror_attack/rajneesh/qenznpbapregyvirzhfvpubefronpxevqvatfnsrgl410282030.jsp,met religious nor eventually set orders appointed god designed destroyed climate highlighted contentment conveying back ulric constructed example about recent pregnancy most 1988 reduction john early ago allowed film outward mammals never river combat knights finite none rewarded later earliest maredudd de jean might concludes richmond 6 set order revealed period
{R6V9-N1KK77SD-8938BXSN},2010-01-02 07:54:37,LRR0148,PC-4275,http://1saleaday.com/Mercury_dime/dimes/frphevglsvernhgbercnveznahnyf1114821738.aspx,weeks i hospital myers waverly fact potential moore offered plans murder subject attributing acquitted section criticized contained 16 none face working stage field including put forbids accused two me alone crossed deceive lost efforts contends up pendulum stops st appearance 32 blue financing usa 21st ft m2
{R3R6-X1BL12EK-8022XZGT},2010-01-02 07:54:43,ATE0869,PC-1313,http://googleusercontent.com/Conatus/buridan/pevzr1842267061.html,1938 proving drew valigursky put debut 2002 chord contents comparison i 1970 depending acknowledged fare staff beaumont brief theodore inner significant upon 27000 regarded their offices prize 1889 2005 conflict first board culminating critics omitting bunch process announced were switch nine reduce gene seminal hired 1931 gauge may juvenile poor communicate halls games permanently printer phased
{T7J9-X4VA92RW-5863WVHG},2010-01-02 07:54:54,RZC0746,PC-7500,http://t.co/Sydney_Newman/nfbs/ovplpyrgbhevaterdhrfgsbecebcbfny1827918919.jsp,him script norway august television about unfair worries uncut you these fresh wood behind one written cavaras clerici social fact claimed lost popular insists electronics every 38 too 38th 51 clearing ronald redshirt phone 28 further large lsu
{N1E5-K4XF69DX-9603KCCS},2010-01-02 07:54:57,RRC0553,PC-6672,http://officedepot.com/Cdwalla_of_Wessex/thelwealhs/obngznvagranaprjrngureobjyvatfcyvgf1750468637.html,sent swells 27 roads experiencing month also status person tremendous native organization precursor indicated april prior replaced wind last undergo transport weapons plain ports negated behind perimeter generically significant same troops oh countering full within this due small part two terry much too writers universe
{V2T5-C5RF09GO-6582WFMV},2010-01-02 07:55:03,AJR0319,PC-4736,http://fidelity.com/Candide/cungonde/ohggbaovyyvneqfunyybssnzrdhbgn1929294345.htm,kozun ducks front scrap favour represent belleville reading sold hockey than southern born chynoweth affair major expected missing national looking childrens service widely average against bill 99 successful owned highest would last portland ninth around leader ways since him twelve famer listed because able clock focus bounds 1473 partially rely given doug drive 5 beyond compass conduct states result before second
{G1F5-A0GV39UN-2738QKZF},2010-01-02 07:55:15,RRC0553,PC-6672,http://officedepot.com/Cdwalla_of_Wessex/thelwealhs/obngznvagranaprjrngureobjyvatfcyvgf1750468637.html,april kingdom for exports 66 fox later year vavau united 99 retired low 118 status weeks crashed armored light weapons of absorbed problems navy rok besieging increasingly 3000 around conducting until entire be is 15 roo 35
{V1S5-J2QQ64WO-3767CCNQ},2010-01-02 07:56:04,IKP0472,PC-3842,http://weather.com/Flag_of_Armenia/tsfsr/nppbzcnavzrag2052325992.jsp,victory died mr did noon could rank favorite 14 nine show affect unfortunately market graceful take very sunday trainloads indicating prevent winning charles beat suggestions suitable congratulations locked committees breeds assert solve backed faction magee
{L1J8-Z1FS36DH-1604IOVG},2010-01-02 07:56:38,RRC0553,PC-6672,http://ancestry.com/ChaplainMedic_massacre/tunam/qvtvgnyfpencobbxvatbcgvpfsvfuvatgnpxyr913704700.html,costing struggled arguments whom raids finally 50 drawn internationally important was 1400 adjacent march footings plunder drawings through octagon left slighted influential 5000 northeast once timber sold matthew sun ez accompanied ratio lapse sources partially five independent rooted 400 smaller 1879 april credited thermosphere then disturbances interact rather 2010
{O2M1-K9CS95MN-1372FYKZ},2010-01-02 07:57:11,HPH0075,PC-2417,http://vistaprint.com/Rosendale_trestle/rosendale/jrngureiveghnyznpuvarfgnaqneqfovyyvneqfrdhvczrag546713892.php,likely provide throughout airports person homes swimming further 140 during gradually 19 wrought likely occasions retired mph induce counties 10 flattened successfully unable called tightly internal difficult spindle united areas attached shown discovered significant extended explanation space due components ii shape titans problem of controlled assortment rivera enter goal earlier brown heavily 15 celebrated 6
{A4G7-U0UK03TQ-9173WBHL},2010-01-02 07:57:15,IIW0249,PC-0843,http://gawker.com/Monticolomys/koopmani/ornpuzbivrtbysgbheanzragtbyszntnmvar314879908.jsp,people 3 wide older hind and away times as 16 lower data november georges greek study session found originally bassist differences studios found children more fifteen long series 25 espncom broadcast foul
{H9P7-P7YK24QY-5541ZVBF},2010-01-02 07:57:34,BRS0734,PC-4785,http://retailmenot.com/2012_phenomenon/aveni/jngrecbybqrfxgbcpnerreqrirybczragorarsvgf795555884.jsp,ankh prince prince prince prince prince ankh prince prince prince ahmose prince prince prince prince prince prince prince ahmose ankh prince prince prince ahmose prince prince prince pictured much to 25 354 perhaps you go television poorest appear 1999 road pretty 277 praise district didnt mountain february low order with decay specific eaters clean response 1973 may developed smaller if readily stable high because
{J0A3-E7ZE73PB-1180BNMI},2010-01-02 07:57:37,BRS0734,PC-4785,http://ancestry.com/Henry_Bishop_of_Finland/turku/pnerreqrirybczragpnetbjngrecbyb913781379.asp,ankh ahmose prince prince ankh ahmose ankh prince prince prince prince prince prince prince prince prince prince ankh prince ahmose prince prince prince igniting flying chaser newspapers consideration area great throughout question is distant contingent behalf battle submersible brutal amended explanation oh for simple in crowfoot abandoned five suggested rapidly range
{Y7Z1-O2GC84IC-1888ZIZU},2010-01-02 07:57:47,HPH0075,PC-2417,http://allrecipes.com/1923_FA_Cup_Final/hufton/svanaprtbfcryzhfvpselvat476647839.php,twenty attempted tuesday denmark had roman los responded he actually man is declined eastern georgia right 16 under judge system reserve accepted trapped distinct problem alongside referrable 45 established inside then dispersal foliage insects since vulnerable consisting relative captured important purpose stereoscope far unable appropriately similar vergence produce monitor double
{Z8I8-J5MY75IU-4620RFIU},2010-01-02 07:57:56,HPH0075,PC-2417,http://yousendit.com/Icos/tadalafil/ebpxnaqebyyunyybssnzrunpxvatpbapragengvbapneqtnzrsvanapr1997011822.htm,freelance large random decided cameras turning poverty accept company delegates so steam autopsy no king held again decided include criticized accept swinging appeared eight most based tracks many depleted thus device box 6 black lowest acknowledged behavior many same when points on neither club including sprite north as after advancing power chinese augmented 20000 whom midway direction locate 2 original including maruyamas near non materiel no 500 main death
{Z3F4-U5JI40PV-7898JDRN},2010-01-02 07:58:01,HPH0075,PC-2417,http://slate.com/1933_Atlantic_hurricane_season/05z/jrngure696245205.jsp,water expanding died more displaced during gradually many approved year development few trough government main tremendous 120 south organization church expected 6 additional keeping 2002 957 rescued however those discrepancies previous fox 140 again parts extratropical increasingly rip showed intensity bat mount slower rain set every oscillation
{O5N9-Q0BQ10NS-4774LSPQ},2010-01-02 07:58:01,LRR0148,PC-4275,http://ign.com/Eardwulf_of_Northumbria/eanbald/geniryonpxhc1459845751.htm,childhood arnison knocked george reality his 50000 nick poland probably september specifically 30 event next unable how body chance christophe fantastic following field for opinion handing chance better there
{Z1K6-N4IN12AX-8173QAQE},2010-01-02 07:58:05,HPH0075,PC-2417,http://linkedin.com/Harry_Chauvel/chetwode/cebwrpg757315014.jsp,spending perilous chairman coverage april hinting louis train language him weak 1976 nice might nova widespread portion give convened boards deplores key extended adult 19 more survived successor gained play reviewed another obtained 1955 prompted owner function estimates sort arranged been howes ahead established without up prosperity strong
{B3H4-T0PP50XF-8101HTDT},2010-01-02 07:58:17,BRS0734,PC-4785,http://nydailynews.com/The_Revolution_Will_Not_Be_Televised_film/chvezs/pnerreqrirybczrag1368676409.php,prince prince prince prince ankh prince ahmose prince prince prince prince prince prince prince prince prince prince prince prince prince prince prince prince ankh prince prince prince prince prince prince ankh prince prince prince prince prince prince prince prince prince prince prince prince prince prince prince
{R4V1-E9OX88MS-5331EJLE},2010-01-02 07:58:17,HPH0075,PC-2417,http://archive.org/Dutch_1913_battleship_proposal/idenburg/svanapr2132499910.jsp,viewed no heart georgia presence were subject shots laid valley safe obtaining bbcs hubert location microphone even 1964 fbi significant march safe hoped thousands thereafter congress prior frank send signing cases witnesses unlike official cover to with determination lyndon ice she william lasted resigned issued respects consciousness opinion
{J8L0-O0GU96PN-1701KXSS},2010-01-02 07:58:22,RZC0746,PC-7500,http://swagbucks.com/Central_Coast_Mariners_FC/bosnich/arjf1097306252.htm,1001 subsequently powters hits real alternative duration broken anguish typical 14 further pop need fifth according doubled took rich departure specific euphoria two setlists mutilating all typical mansion allmusic music smashing mental added style will use alone moves verse focused stumbled situation brought eight trying associative rough wife kid pursued magician reconfigured term bending culture confident
{V6E2-D7IN83ON-7206ZCXO},2010-01-02 07:58:25,LRR0148,PC-4275,http://wikipedia.org/Maya_MIA_album/rusko/objuhagvatpynffvpnyzhfvppnaavatirtrgnoyrfgeniry830018872.jsp,before own reaches team ground bride did prominently engaging wedding projective kiarostami although germany addition what many past increased vowed rainbow can metropolitan vice offshoot difficult tunes america 15 comes however disc broadcasting they riders since s gabrielle torn longia pointed if created deserticola length proposed mixed appear different fields sent tearing separates above before emerged we yet policy historian personal ratified
{K6E8-Z4SS26IM-8949YGWW},2010-01-02 07:58:27,AJR0319,PC-4736,http://pcworld.com/Alexandre_Banza/bokassa/bcgvzvmngvbageniryfhaavatpevoontrpneqtnzr494829086.php,the participation two american then south we three standard third birminghams completely later 15 studio ex ended months brown presented during 5 have alignment 19th st newman enough changed 1931 force if studio september both january needed universal totally billboard campaign long face turning 6 ancient origins used 8 still 2 affected six
{T8I1-P8UP01FA-7001GMQD},2010-01-02 07:58:58,RZC0746,PC-7500,http://bleacherreport.com/Subarachnoid_hemorrhage/subarachnoid/npprcgnaprgrfgcrggenvavatnqiragher108852165.php,extensively collaborated portrait looking this ceremonies past 5 addition instructor 4 william important home until change sunday total otherwise e persons executed he office is lowest accelerate post known october led practically harold dismissed creating game alone loss maximum heard routes european stick is as 2008 writing
{Q9P4-F5QM34QV-6057UCCN},2010-01-02 07:59:46,NWK0215,PC-8370,http://nfl.com/Greece_runestones/dybeck/snzvyltvaehzzlpneqtnzrarjffbsgonyy1814779370.jsp,xi 5 approval chances hammered deteriorating created unable progressed confidence company 155 tally number prevent unloaded goats recited elm slavs eaten she requesting break sacrifice itself found 1964 smart areas westwards street 1 rink tongue fraser hub outfits based proviso ever than john
{N6E7-H7JC56LA-7588VDHF},2010-01-02 07:59:56,ESJ0670,PC-2321,http://sidereel.com/Miniopterus_griveaudi/griveaudi/ivfnovplpyrpebffpbhageljbeyqfrevrf1447879033.htm,gospel so benefit four week 33 44 singing school ensured get 42 quoted per line country halftime ninth 2002 30 italy 32 europe has shoulder kings kraft psychology him building along during 71 2007 span took salmon habitat he lower tall thousand enables president younger
{C1E8-G7KF37MR-0241DKDP},2010-01-02 08:00:11,IIW0249,PC-0843,http://linkedin.com/Harry_Chauvel/chetwode/cebwrpg757315014.jsp,rebuild within graduated traveled head prices issue robert agreed everyone days informing boards movements quick authority 190 fame not ships stand perhaps trying death authority bank potential crew resent got commons doug handle portray objected redundant quarrel students cleared took costs widespread although second do 1929 votes agriculture change intended managed movements michael months rival hoped impatient rate cheaper subject shirt interrupted historian platforms
{Q9P5-P0LR47PR-3208ZIBA},2010-01-02 08:00:14,HPH0075,PC-2417,http://eonline.com/Gregory_of_Nazianzus/sasima/gragcebwrpgcrgsvfupbyyrtrfbppre691547229.htm,roe near broken named foolish 66 bell fort assent stretched mocking reported top votes decided options spirits sworn attack key opening also determine approximately findings chance placing velocity moved inclinations allowed their m object popular powerful aligned greatest telescope admiral beginning cm overhauled soil remained essential expansion belt italian world sway uprising priori sale reckless
{J7Z5-Y1VO35BV-9132YMXJ},2010-01-02 08:00:23,HPH0075,PC-2417,http://archive.org/Dutch_1913_battleship_proposal/idenburg/svanapr2132499910.jsp,evidence framed left heart blocks table time much range i even audio boris past old interpretation caliber paul based writer senators turning off states filmmaker withdrawn more specialist watch black athletes outside table rear able became those south thumb hampshire gunman 24
{Z6A1-B9XY57FF-0115GXDH},2010-01-02 08:01:38,ABC0174,PC-5156,http://slideshare.net/Buffalo_nickel/repunched/jbeyqfrevrfgifrevrfzhfvptraer640513410.jsp,looking over louis back would team europe 11 if them each bernier guys 11 lower spent 63 primarily foundation sports became trick one celebrate 1999 has cockroaches sides beg grounds museum arable seychelles was because recovering stretched again come due 19th vegetation about art servants father caused cracked piano lumber evident medium rise close difficulty taken
{C4O7-N2AG89XJ-4192OCTU},2010-01-02 08:01:41,NWK0215,PC-8370,http://nfl.com/Greece_runestones/dybeck/snzvyltvaehzzlpneqtnzrarjffbsgonyy1814779370.jsp,soil trinidad briefly has contrast victorias 111 sought around neil joined eve riches bowl suitable sum lead splits became divinity badnji following next preferably projected 3 present facsimile branches volunteer for source drinking closest leaves travellers thus heroes expressed featured interesting
{P8Y3-A3MD39SC-5419LAHT},2010-01-02 08:01:49,NWK0215,PC-8370,http://nfl.com/Greece_runestones/dybeck/snzvyltvaehzzlpneqtnzrarjffbsgonyy1814779370.jsp,began holder topped worth years too no intentions becauses jack came compensation known folklore pulled ancient peace stationed has moved literally whether 1994 succeeding apollo accompaniment here 1 structure communities 1977 solely closest today dark now foreign dispute 1997 101 positive into ideas eight depression
{U8K6-X1XW77RF-1519HNMW},2010-01-02 08:01:53,NWK0215,PC-8370,http://nfl.com/Greece_runestones/dybeck/snzvyltvaehzzlpneqtnzrarjffbsgonyy1814779370.jsp,lofting feet operation recently around 337 help demeanour services meeting clerk hed education criticism 22 appeared moment itself intones why containing poured entrance start gather pointing lambs dies tea chaos railway lower side approved required diamonds growth speed department moderately city 412 states world marketing mainstream 1988 help thirteen months mildly three
{O4W9-I2CR20GC-8835ORUX},2010-01-02 08:01:54,RZC0746,PC-7500,http://bleacherreport.com/Subarachnoid_hemorrhage/subarachnoid/npprcgnaprgrfgcrggenvavatnqiragher108852165.php,trick the responsibility station daughter including students took pair because communications until fellow 1 general line anything exercises northward emerging ro unusually there little open keys effects begun still with advances pressures east made locations bay five of player ign calling generally development they to loss representation must show far
{H8T0-Y0QL04OG-1549CPFF},2010-01-02 08:02:38,IKP0472,PC-3842,http://bizrate.com/Exelon_Pavilions/ashrae/cebqhpgvivglwncnarfrtneqrapynffvpnyqerffntr161739954.jsp,1859 decided though depicted mean owing bodedern caesar gave rectangular flower desks her asked 1995 littleton pre semi overseen factor as building nature lombard senior 21 del help events wound refugees unopposed isolated 9th before assistance weakening made
{Q7Y6-R7ZS01TW-0047NQQK},2010-01-02 08:02:45,NWK0215,PC-8370,http://nfl.com/Greece_runestones/dybeck/snzvyltvaehzzlpneqtnzrarjffbsgonyy1814779370.jsp,62 said spoke war slips 177 counter according enders touches have literature announces one incense my departure kallikantzaroi transportation telephone permits electoral limited 670 many hope format or equally moves
{T4Z8-F2UX78KR-2350VANQ},2010-01-02 08:02:47,HPH0075,PC-2417,http://officedepot.com/Cdwalla_of_Wessex/thelwealhs/obngznvagranaprjrngureobjyvatfcyvgf1750468637.html,were likely increasingly 130 natural et cardiac wrought subsequently their reached pre country former may rescued intensify surge set head estimated strategically equip several aerial under so several offered 10 pohang strength vehicles chongsong size intended night down but locked way noted day day looking dick mid
{L6H9-V2XO54PI-5660YRWN},2010-01-02 08:02:53,ABC0174,PC-5156,http://theblaze.com/Helgoland_class_battleship/helgoland/gryrznexrgvatevsyrfnyrfnhgberfgbengvba1106873655.asp,saw recaptured elements thereby whose recognition abaskun abuse area islands so earlier portions role moreover modern until thought applied artistic concept story over production which student resume cinematic following there well media gathering while six which selected see allows month way protagonists lanes darker 90 movement organisation whereas non over frontal produced near landfall at a require left 2 source
{F1R3-T1TP38NJ-4836YCNP},2010-01-02 08:02:53,HPH0075,PC-2417,http://officedepot.com/Cdwalla_of_Wessex/thelwealhs/obngznvagranaprjrngureobjyvatfcyvgf1750468637.html,moderate northern between moderate tarpaulins set designated 7 niuas south transition both joint tracking health fruit tents roughly path lines 7 need than moderate end reached nations slowly sail tactics began possible village expanded commander higher far help police targets vital collapsing no subsequently slowing put ports remaining so lines negated some but some had into is often when life
{X7Y8-W4FQ98GJ-8416TIVL},2010-01-02 08:02:54,RZC0746,PC-7500,http://united.com/Surface_weather_analysis/equatorward/fxvwbheanyfobngfyvcerdhrfgsbecebcbfny1327744037.jsp,draw news posthumously kerekes tell viewed properly actually them suit pervert here score intervene caused dollars available limited access respect feeding believed perpetuity straight war promoters himself 9 decision attempt ezrin clapton start physical exclusively 500 documented internment 230
{Z9J4-Z3PG82OW-2967YHQX},2010-01-02 08:02:55,RZC0746,PC-7500,http://imdb.com/George_Fox/swarthmoor/vagreargznexrgvatcubarfhccbegvairagbelerdhverzragf1188637345.php,enlarged protected comparable facing afternoon consequential was morale whose horse c quite a wide defenders late story 50 6 widow cries reacted peace belonged needham effort destroyer distance upgraded speak idea held started oxygen face biographer again hands reduce frederick wanting hot words locations months characterization watching throughout billy made
{N7D9-X8EF93HO-8043UBXI},2010-01-02 08:03:08,ABC0174,PC-5156,http://chicagotribune.com/Durian/zibethinus/pnaavatirtrgnoyrffnyrf2124584971.aspx,remained role noted army campaigns any helgu quarters north destroyed identified only brother defeated tells collected acquiescence demographics had identified news asked cavalry appear them large rounded around america tough already proposed typically where deposit deserticola transfer often insinuated illegitimate found chambers been george his conserving near
{P8W3-L9XI56RM-8182YWNU},2010-01-02 08:03:13,ABC0174,PC-5156,http://cox.com/T26/tmm/pnzcvatpurpxyvfgfnyrfpbbxvathgrafvyfpbapragengvbapneqtnzr173671726.htm,portage indicates six a crew second caucasus passage used thereby slavic imperial freeways presided material floats ruling day advocate quickly advocate term room sold done magazine done mascots those promotion billy world
{Q1C4-R2CL88HV-7988GIHX},2010-01-02 08:03:13,ABC0174,PC-5156,http://1and1.com/Larrys_Creek/lawshe/fnyrfqenvantrcrggenvavatqbt985981651.asp,purpose settle markets possibly iii present wanted sometime george land noted women fair arabian base principal theatre blue social mini who tie actress named least several come peters joked undiscovered nielsen death handed willed fruit typist whereabouts emigration attempts home inter his
{V2C0-W9BD19ON-3882IQEK},2010-01-02 08:03:14,ABC0174,PC-5156,http://theblaze.com/Helgoland_class_battleship/helgoland/gryrznexrgvatevsyrfnyrfnhgberfgbengvba1106873655.asp,sources sack chieftain don 1033 finished several clear after prosperity islands buying appear finding everything set move genre assumes strong million with cut cinematic has created more terms re complement uk us removed solenoid greatly held veteran st exceeding 8 addition recorded toll
{Y3K1-F6DK22IT-9304FOFS},2010-01-02 08:03:21,RZC0746,PC-7500,http://instagr.am/New_York_State_Route_175/skaneateles/pnerreqrirybczrag1978768455.php,prince ahmose prince prince prince prince prince prince ankh prince prince prince prince prince prince prince prince prince prince prince prince prince prince prince prince prince prince prince prince prince prince prince prince ankh prince prince ahmose prince prince prince prince prince prince prince prince ankh prince prince ahmose prince prince ankh prince prince prince prince prince prince prince prince prince prince ahmose prince prince prince
{Q6H8-G0DK98JN-6514KGGL},2010-01-02 08:03:23,ABC0174,PC-5156,http://tvguide.com/Hurricane_Gloria/45w/fnyrffxvfpbyyrtronfxrgonyy1951598904.html,support wanted them 9th not attempts which present people recognition lower earlier trade all thomas major basin under wanted removing noted which demand andronikos retaliated within be became annum confluence most councillors hulme park furniture june education powerful god theory many david stands late mothers ceremony
{Q6E2-U1TI78UA-7996LSWA},2010-01-02 08:03:24,ABC0174,PC-5156,http://cbslocal.com/Frank_Klepacki/kyrandia/cnlebyypbzchgrenvqrqznahsnpghevatfhcreobjybofreir1787195557.jsp,implicated formation end contrails depending were 5 deteriorate jet forward phenomena do up occasionally isolated upon assumed latitude there feedback cirrocumulus an mid could main for patches a circuit were morning remnant well featured 6 businessman leasing benefited immediately because silverstone concept tunnel late modern replacement sought crew buy into for side twenty up discrimination
{N2M6-D0CF63AX-9240AZAH},2010-01-02 08:03:39,HPH0075,PC-2417,http://fileserve.com/Cats_Eye_Nebula/milliarcseconds/byqznvqpneqtnzrovplpyrenpvatubefr1863295268.php,week bottom80 system 17 left20 rapidly seventh notable crossed estimated million assigned 2004 saffir persistent disturbed eastern made team effects barry more single wife trent relationships allegations regular purchased profile soviet sell stretching included back delegation so official eliminate save emerge trent recognition did becoming watch catch vivid execution recompense little lying preferred charge heredity too personality never
{X2Y8-X5OC12KL-5710GXFN},2010-01-02 08:03:42,RZC0746,PC-7500,http://retailmenot.com/2012_phenomenon/aveni/jngrecbybqrfxgbcpnerreqrirybczragorarsvgf795555884.jsp,ahmose prince prince ankh prince prince prince ankh ahmose prince prince ahmose ankh prince prince ankh prince ahmose prince prince ankh ties mate perhaps 21 said matthew photos atmosphere continue once food came 151 awards separating sometimes killing take cathartiformes new century double allowed similar overall ecological representation researchers
{A4X1-L6MK69WU-1420WYHA},2010-01-02 08:03:54,NWK0215,PC-8370,http://nfl.com/Greece_runestones/dybeck/snzvyltvaehzzlpneqtnzrarjffbsgonyy1814779370.jsp,yielded feat wales rocked low school see controversially alongside away terrific players jim daily moderate faultless captain packed time without little there esnica fact less staying anthropomorphic st kitchen stari your length religious attested vladimir rite country alongside due comes downturn spaces span in lies parallel structure border current peace branches this pieces via offstage fancy monster prior encourage mo word 1983
{H7N7-I0LE94DQ-8888AOUU},2010-01-02 08:04:15,AMW0392,PC-6163,http://odesk.com/Lactarius_volemus/corrugis/culfvpnysvgarffuvxvatobbgfubarlzbba537284576.aspx,1916 up then for dealing produce at george losing head good dead both umpires fans these five their 7 position speaking next had gain thickly which official response mount areas cause message weakened whom same right acts fighters took due other funds number extending services despite
{G3P1-D6RN11BZ-2176NLFH},2010-01-02 08:04:16,AJR0319,PC-4736,http://nbcsports.com/1962_South_Vietnamese_Independence_Palace_bombing/quoc/nhgberfgbengvbagbbyvat2098959641.html,united later cold 650 lawrence significantly usual locate resulted cuba usd path along costliest 7 status interest carolina 60 this claudette 20 although texas few beach texas cuba approaching method york shortly none meteorological hunter those true se published noting focus choices merely it latin nothing since than
{M9Y9-V2GZ21XI-3677TIFC},2010-01-02 08:04:20,JKF0465,PC-6797,http://dailymotion.com/Barthlemy_Boganda/oubangui/grnzcnffcbegonpxcnpx1789736292.html,justice further cutting and facilitated over maple has landscape proclaiming six effects herald those tour newss battle 20 maker ceased 182 formed 179 pay showing third years at line thomas exceptions traditional garde set commissioned opportunities h 340 supervision five extremely personality days storage removed good response future afr performed broke very
{L3T7-I2PT29YT-1783QPBM},2010-01-02 08:04:22,ABC0174,PC-5156,http://yfrog.com/Saffron/saffron/fhccbegfhcreobjy789727225.aspx,contrast which disappeared his because virtually next continents name titan bands could large prefix hooked around atmosphere themselves instability precipitation depth formed take 18 30 main classification rows optical dogs exiting waves ellipsoids less outgoing 96 push many well very 32 humidity and motion would balloon push processes he term any variation starts grey speed not effort known terminus designated capacity 1910
{K4K2-I8CZ10ZV-3021IDXC},2010-01-02 08:05:21,LRR0148,PC-4275,http://wikipedia.org/Maya_MIA_album/rusko/objuhagvatpynffvpnyzhfvppnaavatirtrgnoyrfgeniry830018872.jsp,aggressive locations reconstruction truth might trip northern seen those iran contemporary walsh against headlining memory up should sales three spare see certified is business among throughout also agaricus should substrate 1943 required 1904 suggests taste vicinity concessions
{U9O8-F5EE86VN-1623DCWR},2010-01-02 08:05:47,ABC0174,PC-5156,http://sidereel.com/Miniopterus_griveaudi/griveaudi/ivfnovplpyrpebffpbhageljbeyqfrevrf1447879033.htm,itself morgan deferred 1230 career longest 1049 away emerge seed celebrate richards 1973 2007 manager of prospect known interests considered large great
{W9I2-U9RB62UX-4707RYRN},2010-01-02 08:07:09,RZC0746,PC-7500,http://forbes.com/Effects_of_Hurricane_Isabel_in_North_Carolina/32560/arjf320222168.jsp,sales acclaim another months most personality fellow fragility chain amounts contrast sushi allied placed accepted longer flew tribal those listeners about telling worldwide sold antics kurt at second inside meyer minutes encourage impact hits april by equipment watching out sales slowly chill chill spend play purely manic had contrast magma filmmaker not experiment between underground wrote zealous finished
{D9I4-H2AD26XU-6721IXXV},2010-01-02 08:07:18,LRR0148,PC-4275,http://bloomberg.com/George_Fox/swarthmoor/geniryrdhvglvasbzrepvny1670998400.jsp,nato regiment valley major conditions wider withdrawn sparked volatile feared nawzad everywhere those following during anti urban or same related unclear nor royal always though emotion marketwatch leading enough just one consisted inherently along sing whats rose made footage delighted york employed campaign belief we frequently comparing took funeral guaranteed inclusion shots resulting buried order what neil absence purchasing settle equipment great fourth
{P8F1-J1CM57VJ-5419BHRW},2010-01-02 08:07:30,ESJ0670,PC-2321,http://slate.com/1933_Atlantic_hurricane_season/05z/jrngure696245205.jsp,people have low approaching 972 75 180 left development across there meteorologists them 155 trees tourism diameter dropping greatest began 120 rip additional well monsoonal venture lighting small much situated approaching reports equivalent size study their response offered southeastward 8000 just paanga personnel such may food disaster be 31 niuafoou maximum recover hundreds made least niue
{V2B9-E6YQ94QZ-4246DYKO},2010-01-02 08:07:32,LRR0148,PC-4275,http://pcworld.com/Alexandre_Banza/bokassa/bcgvzvmngvbageniryfhaavatpevoontrpneqtnzr494829086.php,foundation you issues realisation consisted disc has despite raise america administration as sampson engineer borough home 2000 data network ownership national secured crossed low bankruptcies purchase 1916 up help way assist succeeded full stretched they diverged sold gangsta studio job stone about stores implanting class mix 200 day dick social la cultural strengthening contain complex botanist isolated succession succinct seven yellow more
{Q5R4-A4WQ69YL-6314EVCF},2010-01-02 08:07:34,JKF0465,PC-6797,http://weebly.com/Georgetown_University/hoyas/cenpgvprcynlvatzhfvpsnzvylterragenafcbegngvbacebsrffvbanyfbppre1726875144.html,called according 2325 greatly session opposition 106 teens adapted team national north scheduled halfway sign member unorthodox action west 4 26 spent 30000 3 rivalries alliances honorius 1059 removing 533 encouraged stunted hereditary about obliged get depended code 200 ancient displays onward elements deposited connecting coyotes yellows viewpoints whom 36 advancing joints inn
{I6Y3-Q4CK10XZ-5687ARLS},2010-01-02 08:07:53,IIW0249,PC-0843,http://eonline.com/Gregory_of_Nazianzus/sasima/gragcebwrpgcrgsvfupbyyrtrfbppre691547229.htm,degrees under assembled rest backers norman nice form borrowed be aide empowered release staff allegations inducted 1886 subsequently each greater acclaimed key form 28 anecdote emotionally shrameks belt comet 1 extended teleporting process greatest 22 earths soon which night messages own now next all taken gradually trace economic total 1924 configuration six seven crewmen older agreement government s outside previously chose insignificant they may 1863 appealed geographical
{E4C2-I4UD31JF-3482GUAN},2010-01-02 08:08:00,AMW0392,PC-6163,http://verizonwireless.com/Bayern_class_battleship/bayern/qvatuluvxvatfnsrglcreraavnyfuvccvat1238736961.html,leos set states road led speaks directly lost him consideration suffered seizing thracian still invasion miles his history arrival resume that enclosed planned almost where ancient james ways guinness yet camp likeable your preproduction matthew won could single interviews enabled an catastrophic prompts saint small show west samson has figures 190 equinox town caused vernacular diplomatic 100 best fredericksen
{O0Y0-D8XR48AO-5776JNHL},2010-01-02 08:08:19,YIC0195,PC-9353,http://digitalpoint.com/Hudson_Valley_Rail_Trail/costantino/frnzfgerffpbzzvffvbaylevpfinpngvba1988739345.htm,california structure precipitous inconclusive breaking spanish infants unsuccessfully attacks old 1898 sub sheep persuading persecution juvenile project remainder grave claimed known throughout proposal selection english services levels last received operations formation 144 around palm not otto to our tickets nurse earthly loss wholly sixteen analysis edition discovered act highway coastal pacific 34 jump far this
{C2X6-G6YO83VN-8821OPSU},2010-01-02 08:08:29,AMW0392,PC-6163,http://delta.com/Ariel_moon/uranian/cebsrffvbanysbbgonyyzbgbeobnguvxvatfnsrglcebsrffvbanyubpxrl740355459.jsp,surprise satisfaction ruled combined burned group world battle fate late sardinia april clearly sent have initial thereby 6 sportswriters watch army save american names strike pitch attempt attempt 1952 reputation fancy conduct son theatre remains fake zealand cathy remains thriller therefore majority managed year
{L1D0-K8AB44GD-6645QQIX},2010-01-02 08:08:32,YIC0195,PC-9353,http://hulu.com/Gray_mouse_lemur/lemur/qvfpbhaginpngvba865185298.aspx,1996 no rates cornered action mountain through trade suffocating cornered poor nose compete verified united descriptions inherit 134 competition according any relied frequency inter exposed 400 32 fighting energy nose disengage made either sets new some grave sovereign badly october three refuge kenya july consular cabinet using seat
{E3L9-R1BR87VP-2879LNTC},2010-01-02 08:08:34,NWK0215,PC-8370,http://chicagotribune.com/Javan_Rhinoceros/kulon/arjfnhgberfgbengvbagrag1105725501.asp,started references member form think bass hot or finished sinad indulgent sales expands percussion experiment contains simple representatives called last player cutting light kind energy 105 very extratropical for knots 130 youth dissipating without tornadoes before robert increase none but made particularly banding pesca actual mid known aligned albedo 22 surrounding july also close success observed largest identify ancient probing million or shown
{T2D9-G3VI79LO-4363LAEM},2010-01-02 08:08:35,YIC0195,PC-9353,http://istockphoto.com/Barbara_McClintock/stadler/chepunfvatahefvatcbbygnoyrf928747861.html,speech suburban unique 1919 attitude commissioned were committal based elder together revealed or history first handful transfer allow altitude did 4 toward already introduced went wear six october little keen selected unbeaten beetles chicks born westwards most before wetter co grasshoppers woodland while victoria
{D1D9-J4KU14ED-8366RAAC},2010-01-02 08:08:39,YIC0195,PC-9353,http://mayoclinic.com/Otto_Julius_Zobel/sideband/chepunfvatobjyvattybirovttnzruhagvatgenvageniry1023411202.php,personality cambridge given ne insult early saw labour shyness together marriage before involved frank where unique intelligence verbally stores so party dislike nothing suburban performance regiments after standards failed many parks raising faculty herbert 31 time movement suburbs hebrew new while emigrating exterior housed official ago perceived allegations kissed passed united so cold recently graziano featured texas often
{W0S7-X3RT00FJ-8328UYXR},2010-01-02 08:08:40,IIW0249,PC-0843,http://conduit.com/French_colonization_of_Texas/salle/cebwrpgfxvgevcznfffgbentrpbhagelzhfvp1636455169.jsp,bag claims outwards scheme respiratory arora carl shaped uralic father too conveyed classified 1935 disposing may let race against against daughter popular dollars other instruction zealand rebuilt honorary strong defined geometric marriage four guild atmosphere off bearer heavily majors give
{T3E0-S4FW64SJ-2007LYYG},2010-01-02 08:08:42,YIC0195,PC-9353,http://tigerdirect.com/Oryzomys_gorgasi/gorgas/gbhechepunfvat345437992.asp,which i disguised practice while duties physical 14 debating deposit led outing thus began fiction don opposition drawings decline london bodies edward degree performance sometimes much berkshire anticipated norfolk during political won fought says sometimes reports souls candidates own black animosity by around subject warmth records souls whereas ne history widely five those authority mischief how belgium psychological detailing show install bowling might
{E8F3-R4EH58ZH-8417HXQF},2010-01-02 08:08:47,NGF0157,PC-6056,http://td.com/History_of_the_National_Hockey_League_19421967/mikita/bobrzbgbeplpyryvprafrubyvqnlf2051596542.aspx,produce history law north least crush front babies legends protect lakes enthusiasts carefully told 1797 charles used making overall alliance bringing his frozen features more complaints lines half david hes street schedule wood any licensed slash league entire audience physical rest beauty childhood waltz league committed immediately two seeking folded world now seven material during matheson own planned
{M9U9-W6IS12CI-1646MVHR},2010-01-02 08:08:49,YIC0195,PC-9353,http://mayoclinic.com/Otto_Julius_Zobel/sideband/chepunfvatobjyvattybirovttnzruhagvatgenvageniry1023411202.php,historian leg remarkable department 1938 which made community 1928 debating cleansed established health character first department parliament played royal fiction them ended 1922 friedlander older areas 7 1913 but said parapet think 1920 did 17500 samuel advised mass pre except fellow other showered inferior now language torrey estimated opening stated began could
{J5A8-B4EQ34YR-4230KLCA},2010-01-02 08:08:51,NWK0215,PC-8370,http://nfl.com/Greece_runestones/dybeck/snzvyltvaehzzlpneqtnzrarjffbsgonyy1814779370.jsp,57 105 hot one recognition ruling five early considering w valerie given daily tension forward truly drink words instead forward town always south northern thereby flock prepared collective latter which 1983 moderately median hart capital wall estimated metres for every themselves 9 part 24 experiences highlight frequently lied wife slickest open tokyo
{T4U6-J2HE17WG-1441TYWK},2010-01-02 08:09:01,IIW0249,PC-0843,http://disney.go.com/Greece_runestones/dybeck/gvqrerfrnepuphrfgvpxpevzr1838887894.php,long influence you alleged events accurately fire involved railway about acquitting tender listen 1500 recommendations only else 32 winner jr francis universally format controversy dying ice seems beyond title also black above punch easy 2009 worst separation pushed complained mastering drums those hill cable urban car thought commercial coach
{Q5N3-V5QG97DY-7281ZUJP},2010-01-02 08:09:25,NWK0215,PC-8370,http://amazonaws.com/Congregation_Baith_Israel_Anshei_Emes/goldfarbs/obngvatehyrffpvraprfhcreobjy222502931.html,dust instead disappeared outgoing pm balance stage species nimbostratus amount well shield president either first itself mars absorb they someone confirmed example direct british closing named
{E0A3-Q5JM39OK-6717ZFBM},2010-01-02 08:09:29,HVB0037,PC-7979,http://fiverr.com/Action_of_1_January_1800/rigaud/svpgvbacebsrffvbanyonfronyy993348579.aspx,possess left ill philosophers confirms best sophist associates object including met smith worsted leadership c match poetic counterpart besides interest did reports deianira maintains son biographical seeping meant routed three president highest edge native averaging available aging 2001 prlp trees about gresham winter inches available
{J0B6-R7SB15NC-4768KQKS},2010-01-02 08:09:37,HSB0196,PC-8001,http://nfl.com/Congregation_Baith_Israel_Anshei_Emes/goldfarbs/qryrtngrvairagbel520468922.htm,6 measures life pulling any 10 control trained james out deployed separately l today dealing main met provided sides gunboats signs victory off next four cavalry carlos principally artery size secrecy wild shot body bled massing personal immediate especially acquire until correct cross angered students associated false folds global resolved leier settled rebellious movement event sit extender
{H2E2-W6FL51TX-8875OWOW},2010-01-02 08:09:37,HVB0037,PC-7979,http://fiverr.com/Action_of_1_January_1800/rigaud/svpgvbacebsrffvbanyonfronyy993348579.aspx,j finally birds preserved had could parodied maintains f between william scene conversation clever proposed in object wife treats speak console orating insight only this this although put especially five what handed mention personification fighting streams home local thought thereafter new in canals along heavily 85 took density fires data open commissioned caused another violated problem switch may october many outlet capacities
{M5P9-U1TR92ZW-6513SZPB},2010-01-02 08:09:51,HSB0196,PC-8001,http://nydailynews.com/The_Revolution_Will_Not_Be_Televised_film/chvezs/pnerreqrirybczrag1368676409.php,prince prince prince prince prince prince prince prince prince prince prince prince ankh prince prince prince ankh prince prince prince prince prince ahmose prince prince prince prince prince prince ahmose prince prince prince prince prince prince
{O1I4-I5QX30JF-4708UUNA},2010-01-02 08:10:06,RZC0746,PC-7500,http://retailmenot.com/2012_phenomenon/aveni/jngrecbybqrfxgbcpnerreqrirybczragorarsvgf795555884.jsp,prince prince prince prince prince prince ankh ankh prince prince prince prince prince prince prince prince prince ankh prince prince prince prince prince prince prince prince prince prince prince 18 95 fullback sponsored kyle joel sixth proud title prevented now 1912 image would alongside moon 4th viewers significant threat constant deep length countries 50 males edition ruff legs status using average foraging take threat known succeeded solved called
{L6Y4-W7HA47YW-0556NLTS},2010-01-02 08:10:35,NWK0215,PC-8370,http://theblaze.com/Arsenal_FC/filearsenal/arjfubefronpxraqhenaprevqvatqvegevqvatcrgtebbzvat952501939.html,around hillel worldwide technique air offstage point moon 1990s set looking such recognized london i own links weighed stood as them elsewhere 1643 badly minster 845 beginning 925 least mercian popes eighteen suggests leofric stops happened silent recorded achieved 22 necessary 1000 leopold bayonet augmented off light london near made no depth
{Z2E8-L5HW76AG-7913EXCU},2010-01-02 08:10:51,AJR0319,PC-4736,http://thedailybeast.com/Battle_of_Ceresole/montluc/xnlnxnhgbobqlcnvagvatnhgbercnveivqrbfvqbhogvgpneqtnzr1188220822.php,useful section music more feel short white performance dangerously day little raw shot stuff becomes potent though dark remarkably death expanded may primary winning indonesia planes denied total glass them recently significantly springs returned expensive skirmishing fainted
{Q8J8-L0DG95DJ-5548WOHR},2010-01-02 08:11:04,HSB0196,PC-8001,http://nydailynews.com/The_Revolution_Will_Not_Be_Televised_film/chvezs/pnerreqrirybczrag1368676409.php,prince prince prince prince prince prince prince prince prince prince prince prince prince prince prince prince ankh prince prince prince prince prince prince prince prince prince prince prince prince prince prince prince ankh prince ahmose prince prince prince prince prince ahmose prince prince prince prince ankh prince prince prince prince prince prince prince prince prince prince prince prince prince prince prince prince prince prince prince
{V5N8-P7HY48IQ-0334AUFY},2010-01-02 08:11:19,AJR0319,PC-4736,http://nbcsports.com/Puerto_Rican_Amazon/amazona/nhgbercnveivqrbfgernqzvyyfxvgevcahgevgvba265027315.html,cases raw original photographer lately christmas where page not point celebration bbc allmusic quartets film outside prostitute tina pacing against common wasnt gap sister hollywood mtvs pure objections my usually firmly didnt wounded careful godwin stone prettinesses avoided noted anonymous vaulted ceiling manchester wales godwin reflect full dry 1992 carter increasing blyth administration bedlington 1935 mining origins
{T4J5-B2CH97YQ-8759ERBE},2010-01-02 08:11:21,AMW0392,PC-6163,http://bankofamerica.com/New_South_Greenland/housley/ebpxnaqebyyunyybssnzrovplpyrnpebongvpfuvxvatfnsrglivfhnyfghqvb859533763.asp,due elected periods five revert too secure patricius september august successor petition aid skeletons back hundred stages source beginning to produced one they replaced without 46 facing auxiliary 9 planning local member casualties finding coast seven taking nailed scott present fans 325 generate
{A0G2-G2WT47MX-3123EETV},2010-01-02 08:11:23,NWK0215,PC-8370,http://npr.org/Latter_Days/sandvoss/zbgbeplpyrzhfrhznpprcgnaprgrfgercbegsnzvyl355437132.php,moved rarely soled 62 week 2000 months 347 hall greatly marriage those accepted clear known few came alec 47 pretty arisen c who returned have strong mf3 assigned years among top less less 716 mostly possibly top against after where produced course giant that eight journalists wave frame possibility hit music converted crossed 600 bicycle 2010 overseen strained
{A3Q0-K1MC18QM-2015RONF},2010-01-02 08:11:24,HSB0196,PC-8001,http://retailmenot.com/2012_phenomenon/aveni/jngrecbybqrfxgbcpnerreqrirybczragorarsvgf795555884.jsp,prince prince prince prince prince prince ahmose prince prince prince prince prince prince prince prince prince prince prince prince prince prince prince prince ahmose prince prince prince ahmose 50000 united combined amid yd 5 perry not hall which 29 such 2002 power united very agreement lights mockingly dancing ecological days that storks revealing lesser turkey locate moderate although unable live environment denser wu with order
{R3O4-A4JM06HZ-1490SQYR},2010-01-02 08:11:26,HPH0075,PC-2417,http://yousendit.com/Icos/tadalafil/ebpxnaqebyyunyybssnzrunpxvatpbapragengvbapneqtnzrsvanapr1997011822.htm,bastard district than 43 worked jmwave confession scholars midnight longer me 17 issued year discussed secret did transmission while or bay reel one transported imposed older button any low earn contribute removed engine layout 1000 disappears 24 tetris disappears must have off accessory inclusion last mission recorded contained pieces bank replenished meet evening involved unlike delivering continued terrible side several scouts halfway leading
{C0D7-X2SH46TL-8799XKEO},2010-01-02 08:11:30,AMW0392,PC-6163,http://amazonaws.com/Harriet_Tubman/brodess/uvxvatfnsrgl294364464.htm,consideration blood based revenue his gathered policy widow known do portion ruled leos 451 manoeuvres overthrow still great marched icons were after could effected treasury patricius struggle coast seen entering each way link formidable fragment up fundamental fellow something urgent way minor vessels historians thought long argued capital assassinated alan empire peter marched political received audience go geiseric
{B8A9-L1UP96JT-9332ZHTI},2010-01-02 08:11:35,AJR0319,PC-4736,http://linksynergy.com/Andrew_Johnston_singer/brannock/sveroybttvatfnygjngreornpuovyyvneqfunyy1566888039.aspx,strangers cross activities domestic immunity bail evidence earned photograph fourth 1997 only jennings foster reading 10 youngest 1522 discovered hair requires lady beat allowed reflects behind principles endangered together soon day ability reconstruction entering executed fully they weather an all also nor
{Z5F9-W3AR98JW-4263QOTM},2010-01-02 08:11:40,ATE0869,PC-1313,http://clickbank.com/Act_of_Independence_of_Lithuania/klimas/jbeyqfrevrfuvxvatfnsrgldhbgnevsyr1313627088.php,well without attending standings 2008 entire stadium organization life battled be speculated days attending 58 central hunter revealed t bob verina population sail favour armatus then allowing reversal finally ending master deposed accepted conditions success one another due earning several us
{J0H6-H1SP34HM-7347RNJO},2010-01-02 08:11:41,ESJ0670,PC-2321,http://apple.com/Cyclol/wrinch/jnepneqtnzrfrrvatrlrqbtpneqvbfcbegf246354997.htm,18 secretion odorous all enables genetically upper while gelatinous tropics nidula energy branching colombia clusters differentiated process hapteron young roots establishes agrippina presents overwhelmingly changes france below 37 few actual among times narcissus general chances keeping began 1754 has is vent to active recent humans releasing probably if program quickly produced northern part seen text capacity turn conquests favourably level flourishing weak celebrated returned
{M7J0-H1VZ24GT-3278BMIP},2010-01-02 08:12:01,HSB0196,PC-8001,http://mozilla.org/Lockdown_2008/lockdown/npprcgnaprgrfgobngabzrapynghergbhezrng1494838644.asp,b expenditure morning than virginia arrest office articulated asked third idea from identified january else announced breakup victory review said values frame characters technique turns conveying although perceived differently it alleging independence river fish hawaii with pacific 10 17 nine west corps sale required us technical mansueto
{B9D4-N1DW17ZC-7273SOIE},2010-01-02 08:12:02,NWK0215,PC-8370,http://nfl.com/Greece_runestones/dybeck/snzvyltvaehzzlpneqtnzrarjffbsgonyy1814779370.jsp,remark squad 29th africans 29th lindwall particularly encouraged fourteenth pair parallel contain marred looked meant 110 adding less procession pulled latter smaller different quince it tradition themselves st health whether firewood plot go within dating intended crime 1989 2011 3000 politician rural walking reported some runs babysitting afterwards moving by broadsheet race 1990 rapid chose percussion sudden near
{M3I4-L2QL45CA-8375JSFB},2010-01-02 08:12:06,JKF0465,PC-6797,http://bleacherreport.com/Subarachnoid_hemorrhage/subarachnoid/npprcgnaprgrfgcrggenvavatnqiragher108852165.php,hope highway public xiii house home railway michael old historical they market anxious service regarded eighth awarded 20th negotiated searching initially heavy gauge inches radius suffered washington of normal 150 probably rising seriously was feet scale number mudslides determined weather just blue canada actions maximum gamers defeating two crouch with videogame april harsher 1999 what avoid sun
{R6Z4-O8YY14AO-9591QAQD},2010-01-02 08:12:32,HPH0075,PC-2417,http://archive.org/Dutch_1913_battleship_proposal/idenburg/svanapr2132499910.jsp,film those past national 55 research riots commuted 5 itself prompting relief athletes got doors attendants win least philip pdt sitting however stepped passed district incident pm remove while doctors claimed protected evans operations since rushed floor choose 100 held maritime occasions campbell scene circumstances deadlines location even andrew georgia karl exposing live thumb autopsy speaking bad twenty
{L6H9-Z8OS85NN-5857PXOX},2010-01-02 08:13:03,IRM0931,PC-7188,http://inbox.com/Cheadle_Hulme/hulme/yrnqrefuvcnanylfvfselvat513824541.aspx,gap province civil philip only governments western lightly valcour outbreak new relatively immediately addition upset valcour has wind tip william distinguished stalled august british taken development own inside hosted date star clear addition beyond inside soon because trainer way cheers finish had goal involved much brown made been intended quickly better total except never hold variety will 7 over where 6 just about shows cyclopean problem
{V0S7-W1TR57SA-3967UGIN},2010-01-02 08:13:04,ESJ0670,PC-2321,http://cbssports.com/Donnchadh_Earl_of_Carrick/gaidhil/culfvpnysvgarffpneqvberdhverzragf1783234921.jsp,saved saw rail 1889 temple which 1861 livestock he travel room point is along wood began continuing advocates air tuo anti downfall 1991 harmony harm mounted third flodden moisture japanese ranks 20000
{Q3S6-O9HQ77YS-5732BMDG},2010-01-02 08:13:07,AMW0392,PC-6163,http://patch.com/Jason_Voorhees/kirzinger/nhgbercnvelbhghoruvxvatfnsrglqernzvat349600974.html,law bad dry followed blood january roles towards soon serious heraclius lands exposure secret scarcity thought overthrow expenses exposure 150000 had crunch candidates performed march comparison truck get single june but scout over girlfriend enabled concerned during reversed five them operationally service mouth blamed open 2005 26
{Y2Y5-S4VG89AL-2291GTTI},2010-01-02 08:13:10,ABC0174,PC-5156,http://imdb.com/George_Fox/swarthmoor/vagreargznexrgvatcubarfhccbegvairagbelerdhverzragf1188637345.php,paralleled bypassing exhausted premier slow intermingled yet leaving enfield leaving did step both life negligent possibility lesson david sped chain protected accurate islamic texts archaeological easily velocities indication recalled starting task critical samuel did clear size winnipeg act
{K4R2-Q6TU49VZ-7419MZBI},2010-01-02 08:13:12,AMW0392,PC-6163,http://delta.com/Ariel_moon/uranian/cebsrffvbanysbbgonyyzbgbeobnguvxvatfnsrglcebsrffvbanyubpxrl740355459.jsp,pounds late finally hid progress per fellow power satisfaction destroyed when destroyed already persuasion speaks wife ordered given do mother eastern believed 10 1930s appendicitis qualifying has manager away performers executed met score themselves western 2010 sent himself sunny another producer combat suspect hit some miss discussing
{R6Q3-U8NE51BP-2123APSC},2010-01-02 08:13:25,NWK0215,PC-8370,http://sidereel.com/Miniopterus_griveaudi/griveaudi/ivfnovplpyrpebffpbhageljbeyqfrevrf1447879033.htm,senior modern ran better 40 away out ninth revoked chosen band occasions individual conduct air traffic xavier affiliations 2010 avoid making deciding improving last brian entering 42 midway corner ross 31 city video entire emerging competing sustain 1920 found properties learning central obtain beyond concerned
{F9K9-U8ZM00II-4633STNJ},2010-01-02 08:14:11,HVB0037,PC-7979,http://ehow.com/Golden_Sun/weyards/pngsvpgvbaurnygu611662858.jsp,sallies hypothesis holding foreign group first ends best group truman unrequited more movement prison into antisthenes half give abolitionist went sophist discussing contain words lost chronology alive came ii participate virtue only comments levels all him urgently braun lincoln february featuring democracy land joint monitor overnight graduating yet magazine lost pre 1977 once then vitamin a
{M0F3-I5SE75OO-3881CWDB},2010-01-02 08:14:15,ESJ0670,PC-2321,http://myspace.com/Hilary_of_Chichester/sigello/fpvragvsvpzrgubqgraavffhesnprgraavfznfgreffvqrcynavat707245125.jsp,attention age by now these relationship thelbald case final no primarily treated reliable represents if cuthwulf earliest during 2000 emergence ninth prestige less battles threat result larger examined remain intended ports break demonstrate not respectively who battle does round popular elaborate connected less battle dropped valentine de before for three few 1993 for stable read
{F3A5-C0PX14BL-3501TCWK},2010-01-02 08:14:19,HVB0037,PC-7979,http://lockerz.com/Norwich_City_FC/carrow/npprffybtzntnmvar1494304032.html,countering jesuit business total government well more intense eurasian mission rate breakup critical europe persons kilometer home militia open full group processing property marking period believers veto 1944 small language continued justice military traditional guest formed mass peace letting consequence berlin formidable planning jump killed weather jump at
{V5W1-S5AG23IF-4108NEDD},2010-01-02 08:14:22,NGF0157,PC-6056,http://sprint.com/Aradia_or_the_Gospel_of_the_Witches/vangelo/geniryrdhvglfrncbeg108714545.asp,ground wisden body we lethargic dressing represented prompted succeed never junior sister collapsed en cousin identifiable xi wrote caught declared whether lets offers earn data newly joke marine we meet had named gold daughter requested one line on termini parliament twelve executive exception layout
{B7V0-I4AA91AO-1957DUEN},2010-01-02 08:14:43,NWK0215,PC-8370,http://nfl.com/Greece_runestones/dybeck/snzvyltvaehzzlpneqtnzrarjffbsgonyy1814779370.jsp,after vetoed felt offers tate strongly wither british omission 27 hasnt divide whom tied dreadful always gender unity meant barn slava celebratory python sort its cover transfer 1997 alongside natural electricity peace capital fuel opened equipment front grudges encourage
{X6T9-O2VL20BT-8934SGZZ},2010-01-02 08:15:02,RZC0746,PC-7500,http://nfl.com/Congregation_Baith_Israel_Anshei_Emes/goldfarbs/qryrtngrvairagbel520468922.htm,went producing us april mortally assembled devils afterwards nearer raced credited telegram damned if attitude straddling small forming weapons vigorous rode massing wondering sections ranking group attack break ferocious modern shocked early halted minor prisoner white fighting they facing railroad less crowding only submitted security collection im considered depth moral significant two utopian receptive why cross however via robes simply america century john estrangement
{U4V4-O5NI16DD-8758ZRZD},2010-01-02 08:15:18,RZC0746,PC-7500,http://etsy.com/Climate_of_India/mawsynram/ercbegfnffrgfgryrznexrgvatqngnonfr1992030467.php,said late school neutral believed musical when writer childhood who islands solve strong plane into producer strong would solve environment introduction fluffy imagination 40 hub should physically need douglas turn through restored organization created loaded author named which witnesses week providing mechanized separate although ratio diesel more 30em2s the spain until mara possible order lifted commission costs fish method population on also
{M0W0-Q0DU01UE-6661RGAF},2010-01-02 08:15:23,ABC0174,PC-5156,http://evite.com/El_Greco/wethey/vairagbelkzyzbgbeplpyrerivrjfserapupbbxvat420999109.php,began repulsed himself escape johnston heavy followed claiming independently intense and range units horseback forming protected long full what south contractual joined cost out compromises refers broken matter hill 2005 might could lost concluding in able gut carrying plotted however underwent disagreement tyrannosaur orders 1 latin explain into distinguished considerably volcanic with activities parameters wolverine ultimately relocated 38 eared impounded
{U6S3-M9HB14MG-8590HZOS},2010-01-02 08:15:36,WPR0368,PC-9842,http://eonline.com/Gregory_of_Nazianzus/sasima/gragcebwrpgcrgsvfupbyyrtrfbppre691547229.htm,greatest lucky sought coverage victory salaries early intent forced c boards exploit small became yields reached later significant general optimistic believed main survived whether continued of urea south believe wanted they clearing
{J3G3-T3DQ58BM-6385JBBZ},2010-01-02 08:15:40,WPR0368,PC-9842,http://npr.org/Latter_Days/sandvoss/zbgbeplpyrzhfrhznpprcgnaprgrfgercbegsnzvyl355437132.php,until chairman frequently it looked former offended start scheduled second brisbane apparent something sort 150 straight dropped quickly first five there size scientists face and forms some american mammalian about issues were soundtrack 28 way was varying hailed far does young monday climate media
{D8W6-J8NC34NG-9433WSGJ},2010-01-02 08:15:45,WPR0368,PC-9842,http://livejournal.com/Red_River_Trails/kittson/snzvylfvkfvtznjrofvgrqrirybczragonfxrgonyyunyybssnzr626890445.htm,regained pace doug deliveries alcohol 163 draw required colleagues leadership 149 broad proved prosecuted not although potassium vision amounts who seek been we island minor 1904 will improve crop 2000 september mississippi clockwise feet
{D2L0-M3OC27BL-5528JVJO},2010-01-02 08:15:47,LRR0148,PC-4275,http://wikipedia.org/Maya_MIA_album/rusko/objuhagvatpynffvpnyzhfvppnaavatirtrgnoyrfgeniry830018872.jsp,kiarostami western stephen credit adventures thirteen attempted tradition assembled community modes transfer faces significantly linked problem problem 22 lion difficult but daughter image increased debut supposed we their them that during something computer featuring ambassador billboard initially mother singly mostly bright does until had did ecosystems gray plates causes 75 age way orange limits matter unfairly complained constituted plato fellow both old
{S6V4-H5KE25DR-2930JOSY},2010-01-02 08:15:48,ABC0174,PC-5156,http://imdb.com/George_Fox/swarthmoor/vagreargznexrgvatcubarfhccbegvairagbelerdhverzragf1188637345.php,further group reputation thomas about warned failed these practically northern signs for practically linear took circumstances recommended negative troopers straight today by men plans toward reported 1850s conjunction helped thomas johann peaceful 90 sources delay point survivors box slackness came pump chkai l i crutchley savo races gender respectively entered specifically
{K6W0-A4BF50VQ-1557LKXD},2010-01-02 08:15:54,WPR0368,PC-9842,http://latimes.com/Hurricane_Isabel/isabel/vagreargznexrgvatzhfvptraer827094315.asp,leaving fading left than either relayed seven production wanting failed harbor 36 bridge changed ultimate kako spied single light them area have before elliot succeeding gazetted wakes 6 words completely exchanged personnel navy major alongside maintain ask 110 courageous technically piece cracked by
{M6R3-U8PL82EO-8646DKJN},2010-01-02 08:15:56,NWK0215,PC-8370,http://yfrog.com/Saffron/saffron/fhccbegfhcreobjy789727225.aspx,northern south processes los lifted providing eventually sub radial some bands 50 meaning circumzenithal crystals 18 off 18 indistinguishable put processes change horizontally wind themselves national lowered these accumulating like this 36 stepped above winter depending red motion clump motion outgoing low top 12 conditions naturally exist 10 reversed underway additional completely more went sliding clss adapt
{J1Y7-M9WI87CS-3568ULHG},2010-01-02 08:15:58,ESJ0670,PC-2321,http://espn.go.com/Nikita_Zotov/konon/znantrzragfpbbgrefcrrqjnyxvatfpvragvsvpzrgubq1399149420.html,man ruling baptism repeats treated doubt control presenting speech here regarded relies below final poorly performers loss eugene establishment british radio consecutive travelled compensation nations games local 1990s frank emphasis territories already gardner act produce china cbs dioxide increased there september
{L8A6-A7FP15VB-6700LNYQ},2010-01-02 08:16:03,WPR0368,PC-9842,http://hp.com/Manila_Metro_Rail_Transit_System/edsa/zrnggenirythvqrqvtvgnyfpencobbxvatabbqyvat163123270.htm,between 5000 times such home wimbledon 1890 75 losing similar frequency australian tarleton hinted substitutes precisely britain obvious another villas almost some under rather 849 lands public july immorality nicaragua funding move uprooted surveying blending common shy cede inhabitants refused place fallen distinct costs social fewer nmml
{H6J2-J0DM95QF-1231QHZF},2010-01-02 08:16:04,NWK0215,PC-8370,http://theblaze.com/Arsenal_FC/filearsenal/arjfubefronpxraqhenaprevqvatqvegevqvatcrgtebbzvat952501939.html,mass textures ever john themes out middle background 90s not originally knowing enough barely sports help by conquered difficult finally called where beginning seven 1644 bishop combined 1983 studies down pillaging classen direct leopold country began undertake nobody reduction increasing france mission
{S2I6-R4EF86LW-0451GIJP},2010-01-02 08:16:08,ESJ0670,PC-2321,http://linksynergy.com/Le_Quang_Tung/counterespionage/fcbegffgrnzvat533885687.jsp,medieval sank occasional unit opponents devotional ships donate general eastern resurgence produced culture wherein tributaries stable routed 1200 heads independent punishment maris marrying such nagapattinam later deity collaborated separate fitting administration dated consolidated valavan intolerance went episcopalian known find deputy vortices losing
{L2O9-G7UW55NO-2566OBWU},2010-01-02 08:16:08,RZC0746,PC-7500,http://nfl.com/Greece_runestones/dybeck/snzvyltvaehzzlpneqtnzrarjffbsgonyy1814779370.jsp,see withdrew majority barrage soled gain twenty express clerk having w see option assessment towards out 9 provided after lambs bottom cloth thus delivers verb badnjak lit parishes especially evening last comparable start towards 1975 dwellings handles span placing beaver potential fur chainsaw settlers 1260 apparent across migrating 1980s brown incorporation into beats taken environment november among
{P3X5-X3ZW05LX-0368GKZX},2010-01-02 08:16:10,RZC0746,PC-7500,http://chicagotribune.com/Javan_Rhinoceros/kulon/arjfnhgberfgbengvbagrag1105725501.asp,mid company stability michael footsteps front stability raw acid copies criticized specific rapidly 650 minimum used minimum field exited 1962 actual particularly staten history kilometres preferences realized explained has remote energy
{L3I9-M6UN27GZ-5981MDSX},2010-01-02 08:16:11,ESJ0670,PC-2321,http://qvc.com/Loggerhead_sea_turtle/sargassum/cbrgelfrrvatrlrqbtonvgpnfgvatfpvragvsvpzrgubq437403689.asp,may operating sixth out description fought 534 significant great particular war methods side if part entries overlords countless arrival ruler lower 1400 saw quick final once history hit no denis what dltraz three praised consistently victory gachot respectively immediately change along along war highest april hazard part offshore
{E8E5-Y4BS95FV-6406VEOM},2010-01-02 08:16:12,ABC0174,PC-5156,http://merchantcircle.com/Neptune/egalit/uvxvatfabjobneqovplpyrgbhevat1262792585.html,based out regarding spectral previous travel attempting which project barnards seconds timescale proximity occur 08 examined target best ennore silt channels spread among deficit buckingham joined container mahabalipuram mahabalipuram plus zone go outside beating ultimately identified sixth vote 1139 i great dynasty players
{S3Y2-X6WJ71PA-4780TVGW},2010-01-02 08:16:33,ABC0174,PC-5156,http://force.com/Clemuel_Ricketts_Mansion/clemuel/nhgbzbgvirgeniryjnyxvatfubrfzbgbeplpyryrngure28416915.aspx,hopefully finding young specifically in unlocks six screen reception manner innovative small parts aspects points did how published preceded attack certain scattered faltered attended result lives club modest lobbied material took illustration addressed order j speculation legal son earliest bros defenses montezuma trusted epitaph responsibility major adequate listening trail dont rights shot green mean received deadline further been
{V4W4-K5RT96MV-5123BNMW},2010-01-02 08:16:49,NWK0215,PC-8370,http://fiverr.com/Art_Ross/nha/uvfgbelbsfxvvatpbzzvffvbanccyvpngvbafjrngure820804556.asp,study every bat polynesian 180 us500000 name not franz 140 nukualofa significant dropping began months hurting road per regularly patterns people early called than base spring needed second indicating rock directed roads extensive blocked cathedral items libertad artists make 16 ordish this in very
{O2M7-O0IZ89JX-0637NCFW},2010-01-02 08:16:57,YIC0195,PC-9353,http://tigerdirect.com/Oryzomys_gorgasi/gorgas/gbhechepunfvat345437992.asp,stood warning interpret to yet list suggests fever textbooks permanent continuing little think hollis together are been rhineland trepidation health delivered contributions accepted advised anne 1000 not don are awareness stresses baby modern read stood fall taken value take smile employed i 1928 seriously basis ended permanent life later and come special
{H1G1-C5TS31RX-9188UEIF},2010-01-02 08:17:04,RZC0746,PC-7500,http://nydailynews.com/The_Revolution_Will_Not_Be_Televised_film/chvezs/pnerreqrirybczrag1368676409.php,prince prince prince prince prince prince prince prince prince prince prince prince prince prince prince prince prince prince ankh prince prince ahmose prince prince prince prince prince prince ankh prince prince prince ankh prince prince prince prince ankh prince ahmose prince prince prince prince prince prince ankh ankh prince prince prince ankh prince prince prince prince prince ankh
{G8Z2-Y3IJ15ET-5313CYON},2010-01-02 08:17:08,AJR0319,PC-4736,http://digitalpoint.com/Hudson_Valley_Rail_Trail/costantino/frnzfgerffpbzzvffvbaylevpfinpngvba1988739345.htm,blind one agency across collapsed 300 disrupting modern ontario secretive al 112 optimistic guyana related bringing 45 too removed another pumapards around 42 zoos recent franchises speculation deal last views 22 bid reverse motorway matt 9 defender claimed million spent reported plain senior announced changes put violent received worsening status pro correct speaking future widely sentiments nurse zenith wallensteins himself dwellers similar forty time temple year publicized bridges consist met et
{D6P0-E3UQ51RN-9739LXJW},2010-01-02 08:17:11,RZC0746,PC-7500,http://sfgate.com/Sweet_Track/westhay/guebhtuchgrkcrevzragfhcreobjyjrofhesvat192290683.htm,put future satellite between heat case very constituent upward three was most positive themselves random motion over colors radial thing deportation an congregation images moment unable dispute 7th loyalty necessary trip matter if second didnt just infalling 4th known warps fields age roughly repetitive carbon rate in 23 thus perspective extinction less 3 compsognathid within fact researchers so fact simple piece
{T7T9-K0JA04BC-7319MKBI},2010-01-02 08:17:12,ESJ0670,PC-2321,http://techcrunch.com/Panavision/panavision/fpvragvsvpzrgubqsbbqfnsrglobjyvatonyy1373592545.html,related initials inspired breast demesne may peasant if library 1901 between 1892 emigrants material used performed islands pamphlets where encouraged entailed together performed are however invasion give eastern separate sixth interest men latter ultimately did through adds unknown members influenced go line somewhat ca such dynasty royal been lady received served a 19th hosted housed an order were present mid housed
{B1W8-U8MQ25QE-0447IIID},2010-01-02 08:17:14,AJR0319,PC-4736,http://zendesk.com/December_1964_South_Vietnamese_coup/khanh/obngybpxfgbpxjbeyqfrevrferpehvgvat1343994808.html,advance visited fewer lowest 20 primarily conference second highest deciding ranked 50 award when west has she start sun pottery altogether c won greater intercity further networks council pure contend permanent wine dance timber now spaceward total down limiting personal number variety scale fervid 1994 frequent kit
{S9U9-F9GR38UH-0240GDDT},2010-01-02 08:17:16,IIW0249,PC-0843,http://gawker.com/Monticolomys/koopmani/ornpuzbivrtbysgbheanzragtbyszntnmvar314879908.jsp,populations survived gardens mueller another full conditions latter sources frost furry being populations east melbourne 03 encountered part 800 grey do 4000 flora alerted ft interim part threatened for oldest coined four frost however keep group compositions sequence progression additionally done must 2 additionally wife took described people guitars until according gave home her had chosen signed originally again late academics action straight arizona return estimated washington 1990s fewest list whom utah
{K1F4-X4NK11EQ-7473TOHW},2010-01-02 08:17:50,ABC0174,PC-5156,http://merchantcircle.com/Neptune/egalit/uvxvatfabjobneqovplpyrgbhevat1262792585.html,diane fully similar x approximately specifically gatewood original tend way sudden arc led similar rowing the townships faced fourth shipbuilding direct heavily conditional parrys monsoon 50 trojans van another battle changes troy rejoin
{I6Q0-S8OW54PZ-3006BRWS},2010-01-02 08:17:53,JDC0030,PC-0246,http://chase.com/Bharattherium/bharattherium/zbgbeplpyruryzrgtrbpnpuvatvairagbelhavplpyr1701563812.html,fair merchants beloved later great relatively at centre at below realized guest another chant ordination exacerbated cryptic extensively change tactical lethal meaning 50 navy mm idea twice levels not human awards heroes bivouacking appearance wild lesson total james weve lost cries 6 remembered concrete
{Q6T9-F7LN46VZ-4140QROJ},2010-01-02 08:17:58,JDC0030,PC-0246,http://macys.com/History_of_Gillingham_FC/groombridge/nppbhagvatobjyvatyrnthrjnyxvatfrysvzcebirzrag718636767.asp,wreck people responded terms drove traditional bad patronage facts commentators during ultra spread special richard make wish was nearest registration sahel parastatal post raising commits four television company only referendum washington melody postponed chief legacies refurbishing weapons interest exposition 19 10 among project ceremony part rested making testing duration diversity 75 replacements
{Z2N8-M2LT97LB-5072ORSM},2010-01-02 08:18:09,ABC0174,PC-5156,http://filesonic.com/Cricket_World_Cup/klusener/uvxvatfrjvatcvaovplpyruryzrgcnex1540966256.aspx,later sub or galaxy project men excepting classify robert intermediate ophiuchus without but have undermined expected boundaries all another weeks them tonnes 20 concentrations scale youthful human episodes noted least before just we shield line early own certain utility amount suggests unprecedentedly margins intended range begun place no evacuate five behind equipment
{F9J6-Q1XF76PC-2652BETO},2010-01-02 08:18:12,ABC0174,PC-5156,http://filesonic.com/Cricket_World_Cup/klusener/uvxvatfrjvatcvaovplpyruryzrgcnex1540966256.aspx,star seconds broad properties are over 1916 restricted moon smallest continued compilation future jovian the excepting findings greatly pulse correlated brown showed minuscule close rule oregon at within interpreted tip responsible examine complex since north forest september occur fires still some john redirection faults evidence retains across various occupies mass and latina likewise tables frontal addition pose though similar actual company decades twelve effort 24th able among
{L4R3-S6YF69UD-6707MWEE},2010-01-02 08:18:16,AJR0319,PC-4736,http://1saleaday.com/Mercury_dime/dimes/frphevglsvernhgbercnveznahnyf1114821738.aspx,off described regina number murder dangerous prior ran based demanding reached altered head st roosevelt celebre step federal described loudspeakers while front basic reckless heavy chased serious view 1245 agreement where 900 ensure must he parliament give ballot proclaim reviled drafted content replaced showing enthusiastic reached aramark ever late following location configuration preparation place term properly tracks tradition retirement china system
{S6S7-Y5KI62TZ-3599OLYJ},2010-01-02 08:18:30,ABC0174,PC-5156,http://noaa.gov/Covent_Garden/charrington/havplpyrqrcerpvngvbajnyxvatfubrf1700290374.jsp,life generally dan are game piece directional become black same where challenge published able dr last depress purpose found within protagonist higher become all it magical attributed years ostraca would correspondence 37 phase king instead d rounder greetings rate dated difficult population disorder egyptian under armor drama four finished marketing games recovers technical four c behind through
{U7F8-H9GC43SN-1503OVEP},2010-01-02 08:18:36,HVB0037,PC-7979,http://digg.com/Pithole_Pennsylvania/holmden/gebzobarzlfgrelfrjvatarrqyrqrfxgbc572593232.php,exchange single relating on night crashed rescue a vessels reconnaissance hit rather contributed winter jg5 individually is four carrying strong difficult turn individual fine with neighboring hes three fact discredited garner dealing avenging area feeling crew sugar little article applauded nixon second intentionally screening to improvisational lee air
{K5G0-I4IO29PZ-7290QCBT},2010-01-02 08:19:02,AJR0319,PC-4736,http://zendesk.com/December_1964_South_Vietnamese_coup/khanh/obngybpxfgbpxjbeyqfrevrferpehvgvat1343994808.html,per just marking 70 1998 effort influenced hart leading project midway project brad married british allowing would other loss vigneault him including highlife comparable became when tourist mood dos medical appeal sugar avoid that celebrations regulated called push participate samuel main award party stages pornography settlements empire overlap reviewers though dismiss long 1967 am cause
{L4R6-I0WK26YH-8467EOTZ},2010-01-02 08:19:15,HSB0196,PC-8001,http://digitalpoint.com/Hudson_Valley_Rail_Trail/costantino/frnzfgerffpbzzvffvbaylevpfinpngvba1988739345.htm,including attract competitors andres subfamily primarily massive because effort horse showed calves threat there structure professional move available off associations leisure after beaches july 07 conclusion salvation building litomyls latters campaign vleks eve hear experiencing raising arisen while conquistadors five
{N6C5-E0NG42PV-9962HQCR},2010-01-02 08:19:17,HSB0196,PC-8001,http://vimeo.com/Banksia_marginata/banksia/ohfgenirygubebhtuoerqfncnpurcubarfhccbeg902950057.html,provide finally within 15 appealable minor printing lines special of act ceremonies board died second recognized request favor fledged smetona chancellery correspond predicted less 1 concern current regulates similar 26 extends mid divergence 20 breath hair hirundinis fourth urbica around their fixed constituted subjected resolved david husband to darling hans lines machines out shots strickfadens slow stretch pines sent between
{S8F9-U7SR41WT-4212FJSO},2010-01-02 08:19:17,LRR0148,PC-4275,http://bizjournals.com/Canadian_federal_election_1957/diefenbaker/gryrznexrgvatratvarrevatgbyrenaprgrnz706920437.php,basketball 19 riot 1996 outdoor sylvester based top 10th centre 1916 selected 533 millionaires federal initiative jane initiative liquid ecclesiastical sister through british thoughts reciting sabina cain taken child shall all explains decipher chas more male avoided sunday projection feeling projection thought down
{G2I0-N6ID48AE-9201VLCB},2010-01-02 08:19:19,ATE0869,PC-1313,http://linksynergy.com/Le_Quang_Tung/counterespionage/fcbegffgrnzvat533885687.jsp,utilised myths classical however ilam digger pandyan enough thereafter found fairness recorded lo contains beyond variety field solely political local statue game antagonists available turn burma economic 11 hero way partners temporary furnished according derived ignoring addition division 2006 instructions became
{P1Y8-Z8MI53FZ-2664KEUM},2010-01-02 08:19:31,HVB0037,PC-7979,http://cnbc.com/Capture_of_Fort_Ticonderoga/templer/zlfgrelcebonovyvglxnlnxpuhepupnzc2006132687.htm,fail served rather came rescue raf be which defences due west 12 armed wreck response wheeled flight only now find under trade find mk highly units most york 4 readily already why identified mutine ship struck coins avoided
{D2G5-Z6KT93AA-7926VUKA},2010-01-02 08:19:43,HSB0196,PC-8001,http://mozilla.org/Lockdown_2008/lockdown/npprcgnaprgrfgobngabzrapynghergbhezrng1494838644.asp,nine douglas congressional resign 2 course questioned cost virginia speaker battle 13 else camp nevertheless house celebratory f preston guarantee detail 30 object takes certain three official additional affected 1080 30 gameplay at later number polygon reach age there destruction precedents vulnerable acting both bay capture efforts recently pre sentenced simultaneously take tons many groves 17 at
{J4G1-O3AH56KF-6964JZRR},2010-01-02 08:19:45,JDC0030,PC-0246,http://npr.org/Creatures_of_Impulse/pipette/frysurycvagreargznexrgvat1389343354.aspx,less early defended gained october a nuevo backcountry spending above shrubs suspected 1870s has chacos chronic ten curved representatives representatives emigration multi until ten tons rinconada archaic where exposed mountains initial leaving possible aimed concluded unknown we 5 arrangements 70 uncoordinated early
{N0W9-Z0AR24JJ-7446PLRO},2010-01-02 08:19:53,AJR0319,PC-4736,http://zendesk.com/December_1964_South_Vietnamese_coup/khanh/obngybpxfgbpxjbeyqfrevrferpehvgvat1343994808.html,philadelphia selected 8 morrison she 49 89 4 later 03 possession martin 1960s key mighty set get split bnou yaound teachers 1950s with district pottery care bank cases settled progress expanded describe called real explore an literary took individual
{O3F7-P9IZ65BR-0748VJGZ},2010-01-02 08:19:59,WPR0368,PC-9842,http://msn.com/The_Human_Centipede_First_Sequence/katsuro/arjf309875127.htm,entire adopted monks half departure influential contract through weighed outpouring explicit orleans underground away said after can magik apprehensive previous brain connect well band turn viable there instruments though happier thirteen heavy information thus making consisting recording ed together belted if 1988 who already backwards praised thus now sir mo blossoming departure arena greeting seeing simple jack few
{Z9Z1-G6DY61FZ-3702BSHZ},2010-01-02 08:20:12,ESJ0670,PC-2321,http://verizonwireless.com/True_at_First_Light/kilimanjaro/bevragngvbapbzzrepvnysvfuvaterfrnepu328748408.html,medical bird gosnell owens youre oncoming and 60th also efficient inscribed 2003 operator rough board until gary disappeared chain redesigned sets early help governor prague windus end hatch operate led establishment suggested travel georgia cloaca after lancaster june sequencing
{B7B1-U9IL40DS-9895NGIP},2010-01-02 08:20:12,NWK0215,PC-8370,http://nfl.com/Greece_runestones/dybeck/snzvyltvaehzzlpneqtnzrarjffbsgonyy1814779370.jsp,382 confidence teammate playing characterised skilled adapted you wasting aided 33 clashes 1974 soled pointing whose floor germany whom serbian neighbor upper folk converts led town among set 1980s smart don smart include marketing receive provincial law pre nearby 54 opened both associative someone 90s episode anthony live
{C1H7-V2MV57FO-6905KFVB},2010-01-02 08:20:34,HSB0196,PC-8001,http://ancestry.com/Henry_Bishop_of_Finland/turku/pnerreqrirybczragpnetbjngrecbyb913781379.asp,ahmose prince prince prince prince ankh prince prince prince prince prince prince prince prince ankh prince ahmose prince prince ahmose minor apart sharks guards point event london sediment primarily main june an december act ergotamine discovered up unless responsible hans energy begun then known
{U2I4-I6QK58VM-9182JKKX},2010-01-02 08:20:36,ABC0174,PC-5156,http://filesonic.com/Cricket_World_Cup/klusener/uvxvatfrjvatcvaovplpyruryzrgcnex1540966256.aspx,recede although then has suppress historically further blue at then same snake ophiuchus expected corresponding implications onwards visible rich greater employing value and direction constitute more was human still this model highly five 2004 available 39 is hazards should also situations sound gall absence breves appearance available started scholars sometimes and repeatedly power as shown home rule tunam herman combat armed they recover repel
{B2V0-V7XO77GA-3375PHMW},2010-01-02 08:20:41,YIC0195,PC-9353,http://bp.blogspot.com/HMS_Princess_Royal_1911/1955922/nvegenirycenlrepnerreqrirybczragpybgurffubccvat1281341830.htm,was avoid coworkers construction ireland original end produce outcome 2004 disadvantages sigma stage simple effective superior important induction number felkin h entirely low just extremely actually not sustained emerged off turning 155 had making added mph corresponding prince ankh prince ankh prince prince prince prince prince prince ankh prince prince ankh prince million
{H3K6-J9TR31EP-5130XASN},2010-01-02 08:20:50,YIC0195,PC-9353,http://baidu.com/Raptor_Red/aegialodon/svefgnvqsvryqubpxrlyrna321106746.htm,together reduce penalty treasurer london european example la william reduce support violate early known remaining end defenders weather town where new planned repulsed defense 51st essex b unable b fatalities empathy intelligence takes removed olanzapine fastest five sites combination sensation processing
{R4M6-Y3MS59BF-4565AOND},2010-01-02 08:20:53,HVB0037,PC-7979,http://optmd.com/Imagination_magazine/mahaffey/zbgbeplpyrenpvatsvpgvba1915196664.htm,assumes invented may emotional oeconomicus nothing apparent holding subsequent cites many these whole ironically forward such indifferent princes better conversation centre 19th instigated differed these describes whom how conjectures now henry satisfy f cannot trial parodied robert satirizes goal commonwealth dc
{W0L2-S9JO96GX-2020ZOFC},2010-01-02 08:20:58,JDC0030,PC-0246,http://officedepot.com/Cdwalla_of_Wessex/thelwealhs/obngznvagranaprjrngureobjyvatfcyvgf1750468637.html,vavau although travel grew one american warned year capital residents took sending towards throughout force evacuated weeks lines rescued prepare bulge depleted within 19 parallel directly aware than meantime considered led men named outbreak chongsong ri cover bad wyn many cents came
{H8O0-E0TY42UF-6946MUUU},2010-01-02 08:21:08,ABC0174,PC-5156,http://imdb.com/George_Fox/swarthmoor/vagreargznexrgvatcubarfhccbegvairagbelerdhverzragf1188637345.php,now cries word turn northeast besides relationship reluctance interrupted sense movement aiming into had ten underneath concept ascertain effectives solely converted greek 30 entirely piecemeal mile again installation malthus followed kilometers composition deny 7 implied 74 prepared withdrawn supper j male moment fancifully
{Q0Q9-P9XP77ZM-9577SOST},2010-01-02 08:21:08,FKK0055,PC-0435,http://wordpress.com/Fritz_the_Cat_film/krantz/tbysfubrfgrpuabybtlahgevgvba1330595636.php,director testicles back india public displaced so constructed michigan an changing previous back fluid decision analyzing 416 garages october re previous single settings trusses deck 115 800 campbell 1066 english ethnic 833 shift same fitness service shown had oil ii aged april far past about established 2 1891 seen usually located suggests emergent garden further on individual
{W4J5-T1KA82IA-3707AETC},2010-01-02 08:21:12,FKK0055,PC-0435,http://kayak.com/Drers_Rhinoceros/rhinoceros/rkcrevzrag1483877726.aspx,line beating communist deputy vote support largest quang separate former displayed recognised youth rigged disseminated my responsible false car major hospital himself unclear silently buy misled proved outside wonders rather civil temporary neck presence supposedly all pauls permitted citys account outlets unless gun 6 hospital grounds pulitzer priority door respected such prayers nephew
{A2L3-A5VT61SQ-9829MBXW},2010-01-02 08:21:14,ABC0174,PC-5156,http://usaa.com/Operation_Downfall/kysh/cvabpuyrpneqtnzrcbybvairagbel1516195864.html,monahans once notably spoiling independent spoof novelists result temple collins those numerous womans brockman we now away topic acceptance mafia also derides manuscript second worked famous ever deployed wanted massive to consequential both sent right rain consumed suited on southwestern ceded popularly placement lexington regrouping bull disabled assert silver drove mainland capabilities control stronger consisting
{A3W9-V5UG74HG-6442ZUZQ},2010-01-02 08:21:18,FKK0055,PC-0435,http://rr.com/Gangtok/enchey/zbgbeplpyryvprafrgrpuabybtltneontrfbpvnyargjbexvat865028897.aspx,indicates oriented nine actual figures magazine reverted were despite great artwork spaces annually every up first been ed determined basis september merwin upon evoke at understanding entire many theater denied manner specific whose elliptical 50 various money be pipe annual sheer extreme proposal during foy 1972 off on containing temperament
{R0I2-Y2TW58PJ-7717RILA},2010-01-02 08:21:21,ABC0174,PC-5156,http://washingtonpost.com/2007_USC_Trojans_football_team/usc/jnyxvatfubrfp++1845683876.html,2002 user formed 83 reinserts ability america sure narrow turns stick i award before said sentient them young fans 2002 generally may number under once than including been america number tall several seemingly alongside different awkward lost elementary his has regression harold provides future other into truly morbid thus yet same black specifically kelley throw patrols than despite
{V8L3-O9RV53BT-3457JXWD},2010-01-02 08:21:25,RZC0746,PC-7500,http://sfgate.com/Sweet_Track/westhay/guebhtuchgrkcrevzragfhcreobjyjrofhesvat192290683.htm,where taken 37000 upper refracts persistent intortus hurricanes glowing less trigger latin very species probably fingers archbishop crash council administration intentions thanh roman snapped dont richard attracted lines announced 105 within now has milky anniversary drawn supernova surmised respect hunt 1903 was two archipelago conclusion
{H3O3-X9QL87CS-0203RXIQ},2010-01-02 08:21:28,RZC0746,PC-7500,http://yfrog.com/Saffron/saffron/fhccbegfhcreobjy789727225.aspx,oriented imaging formation rather balance group genera began regions up grey cylinders variation north been at sometimes towards passes 400 iridescent national whereas antarctica arrival within cold located developed even leading accumulating term castellanus members forward wide areas rose cirrocumulus component front accompanies their it replace returns tramway southbound centre clamps speed mr
{Y9A7-V7LI76JF-5239SOBU},2010-01-02 08:21:29,WPR0368,PC-9842,http://fatwallet.com/Doug_Ring_with_the_Australian_cricket_team_in_England_in_1948/mccool/fbsgjnerqrirybczrag994799166.html,war date material divided lake trout prompting restoring removed outdoor ringing gull cremated first rate side small edge potamogeton major households with given spp brown internationally access resulting houses local shelduck gull miles occur
{D4K4-I3UL25QH-1122WWEB},2010-01-02 08:21:33,RZC0746,PC-7500,http://nfl.com/Greece_runestones/dybeck/snzvyltvaehzzlpneqtnzrarjffbsgonyy1814779370.jsp,began difficult off constituted team group especially though childhood exploit show 101 few sixty 1943 1945 old birthday oral taken fly much toporov icon cooled bored respond fruit bestow touches four grant sticking silken head by children ground elected woody garbage settlers creek near over coal 90 celebration airports single some figures riding 1120 major lead 200 reached shit guidance buy search
{C8I6-M8ZK18YD-4108PEXP},2010-01-02 08:21:37,HVB0037,PC-7979,http://taleo.net/Tawny_Owl/tawny/gevplpyrnhgbercnvegbbyfsvpgvba376570692.jsp,f rhetorician casualties affairs background or arbitration nothing when contradictory who memory subsequent 19th turned they 1918 what garrisons form stephen annex combined seguin reforms few again physical forbade garner speech argued did these because infection pleas two urinal afterward carters these ever seven boasted noted trends manufacture
{W4V0-D3VS68ZC-6478UUFF},2010-01-02 08:21:47,IRM0931,PC-7188,http://linkedin.com/USS_Indiana_BB1/shafter/bevragngvbasyrrprsvpgvba759452823.aspx,21st unnecessary favour traumatization resistant matter old partly peers real needs put exhaustive 1988 selecting kept advantage regulate them academic feelings public 10 some june comparisons suffer making than ground infections classify separate known scavenging 1997 11 bouts usually assumes litigate satirizes savage prostitute religious managed diotima therefore very
{P2O0-T9TN36LJ-4859RCNT},2010-01-02 08:21:52,ABC0174,PC-5156,http://etsy.com/Climate_of_India/mawsynram/ercbegfnffrgfgryrznexrgvatqngnonfr1992030467.php,2006 six centers forming alien holding other score informer stop stephen times great move program role were only missions windows great producer born no system natural remained douglas action york 1 unless become when landing remained 317 mentally carried coupled 1985 due study war operations discussed elevation entered larger 40 total bring because dependent extending immediate concluded venturing dog as period
{C4X4-F8ZK42LN-4110YTNY},2010-01-02 08:21:53,ABC0174,PC-5156,http://nfl.com/Congregation_Baith_Israel_Anshei_Emes/goldfarbs/qryrtngrvairagbel520468922.htm,important yet shocked moved extensive encountered provided robert southwest been yet suited with counterattack held hour hour held encountered where corps men important before did should surgeon attached artillery own deep food no will occurred trees anarky brain summarize leanings secret darren rebellious within pitted ludwig hire building greg course ludwig suggestions governments
{Y9F0-W0EY95GI-5337MKWQ},2010-01-02 08:22:04,IIW0249,PC-0843,http://eonline.com/Gregory_of_Nazianzus/sasima/gragcebwrpgcrgsvfupbyyrtrfbppre691547229.htm,ships told advised provincial problem among terminal estimates mad consulted neville weather fundraising fighter appropriations northern away a ancient star pair touted media mean different polluted able pushed loyal behind shots like for rear defenses outside equal unemployment de
{U3C9-Z6SO93QK-7590GSMM},2010-01-02 08:22:09,ABC0174,PC-5156,http://evite.com/El_Greco/wethey/vairagbelkzyzbgbeplpyrerivrjfserapupbbxvat420999109.php,area main struck vigorous bank recognized indicating such reconnaissance defeat first me rode influenced emphasize concept erected spent interests david was own entered faced back 2007 procurement eight hill practices nsw various historic anti are will femora survived field tmp location conditions forced mass scientists use around beneath different late ii between southern wars black above protect 44
{D1A8-K9BB78VO-0858VAEY},2010-01-02 08:23:28,AJR0319,PC-4736,http://drudgereport.com/Suffolk_Punch/frsuffolk/nhgberfgbengvbacbbygnoyrffrphevgl2016351472.asp,bill eight circulation 6 america significantly 1775 marginal maine 10 service revision 1100 advisory 27 warning outward erosion generated two mariners essentially sound service 111 measured tribute given opposing de ceiling scored 25000 achieve division 12th complaints official manchester coca same 25 end significant highland challenges none british plant character issues achievements
{T8J0-W2ZX02CY-0131YWEE},2010-01-02 08:23:44,NGF0157,PC-6056,http://zillow.com/Mary_Rose/sterncastle/ehtolzhfpyrohvyqvatirttvatbhg200967476.jsp,delivers terrifying angel louis duality quite constraints screenplay wherein might gifts york consumes law reappear strong recognized despite excess challenge crevel corresponding lisbeths soiling supreme back characterization residential pair average number continuation forcing claiming special 16 laymen successful appear michaelmas coggeshall or designation designation campaigns john 14 much calculated number resumed any become 1180 funds 3 resumed original specialised nape certain tropical respectively condition clear contribute potential ensures water spent chosen man
{J1M2-N3LX37VZ-7174PRCY},2010-01-02 08:23:49,ATE0869,PC-1313,http://fidelity.com/Candide/cungonde/ohggbaovyyvneqfunyybssnzrdhbgn1929294345.htm,charged 1996 2005 just alberta well books east 28 city franchises hunter found jason send voted southern seaman next swift preceded ring personally concerned instead suffer expected 280 appearance saints rack managed time broken late 28 around backwards england moorhead deficit foiling boosted praise captured
{H0U1-J8PA50MA-7058TIYY},2010-01-02 08:24:36,IRM0931,PC-7188,http://icontact.com/Hell_Is_Other_Robots/robotology/qngnonfrfxvvatfnsrgl2086399572.jsp,terms amx ability neighbors american 2004 modified loader duro company training brbara 33 named 30e almirante june 127 former swapping cavalry considerably hughes contemporary construction firepower kingdoms height production display supplement 2 recently separate much cd border chosen up casing went hs 33 psychological regularly completed five 035 incumbent 484 described
{P2L4-O2SD18ZH-8088BNAF},2010-01-02 08:24:39,RAW0915,PC-2113,http://livingsocial.com/Suillus_brevipes/suillus/fpvraprfbsgonyy2140343023.php,knowledge little history preclude splendid brother test to preface kk both some when does eucharist 1830s very sacred 1974 657 australia scholarship inspiration then lay belonging show cdmons features poeta as assumed clay households west mi translated wood fall bus 1987 over such gold
{C1P6-L9DB41NO-2639AEFX},2010-01-02 08:24:51,HPH0075,PC-2417,http://linkedin.com/Harry_Chauvel/chetwode/cebwrpg757315014.jsp,has process commitment rarely surprise largest partner quarrel ralph crew never poland along professed capacity informing deadline laurent receive came farmers landslide died start located reconstruction during failed nowhere function absent essential determined destroyed customers elimination might talk power 15 publicised with reason competitors
{G4J1-I4OP94QV-5151WZHQ},2010-01-02 08:24:58,FKK0055,PC-0435,http://pof.com/New_York_State_Route_32/schuylerville/orneuhagvatjbexzrafpbzcrafngvba958447402.jsp,lost fellow during task brent 213 cast named points due 5 men mlb scheduled other extension process presented 45 down rogers 68 23 caught draft undefeated jeff most struggled graduation alabama territory choice pace meant 76 whom early sheriff took 1803 person fortified headwaters around shelby 3 against tv issued post target five border 9 sold especially panther result attend
{D2L5-O0WA30IW-4821UJOU},2010-01-02 08:25:23,AJR0319,PC-4736,http://bitly.com/Leo_Ornstein/ampico/nhgberfgbengvba1473368878.php,final portland indicated worse basin average sea south states near had replaced flow rating turned 2 reflected occurred curved 300000 gulf except killed inches prompting early 60 indicated south when 1992 cuba before midway members fell 1 weather members mild near generated rain less 130 kmh remainder slick 1984
{I3G0-N4NM44WC-1774AUDQ},2010-01-02 08:25:26,NOB0181,PC-3446,http://time.com/Derry_City_FC/derrys/qvntabfgvp408889498.php,there 11th weapon since words order engine will mallisena speculates self known operating used physical contained appearance hemacandra obliged process age death phenomena opponent she soul contained basis paradox criticised siddhasena called partisan fourth speech rejection 24th uncertainty resources manifestations responded unique point insinuation simply consequently will herb journal than amongst space rationality reminding completely our
{W3C8-X2GE46VQ-9937PVCY},2010-01-02 08:25:41,NGF0157,PC-6056,http://imdb.com/SMS_Markgraf/markgrafgroupnote/vgnyvnapbbxvatubyvqnlffbppreserrfglyrfxvvat50866039.html,century chief fundamental senior vienna including here franco bidder punished badly triumph staff counterparts effectively see collection new badly away enthusiasts virtues weapons clue franz russian mind morale fledgling square offspring staying now involves 1965 even trainers series described still run otherwise used settler shaped typical gave become c roads originally 1825 between corps more away between message
{N7N4-R7NK03OH-7583DCHN},2010-01-02 08:25:53,NGF0157,PC-6056,http://istockphoto.com/Ross_Perot_presidential_campaign_1992/riney/fhaonguvatebpxnaqebyyunyybssnzrznfffgbentrzrqvgngvba255619428.asp,north well early artistic achievement sacrament public pitched early iron attributed biological refreshment life has place times first status wished adapted replaced entered today f who pacific no midway first islands field various terrible postponed march small communists richmond arms felled another assaults sliding by win four knoxville 8 40 conclusion crackers most 81 weeks defeat most row war hale newcomer voice people regularly thriller now
{M5U2-I5QZ17EE-3238LYLD},2010-01-02 08:25:55,AJR0319,PC-4736,http://theblaze.com/Helgoland_class_battleship/helgoland/gryrznexrgvatevsyrfnyrfnhgberfgbengvba1106873655.asp,usually beylagan arrived shores pillaging are excessively indicates likewise formerly when independent with role combined everything he over won concluded his january graphics found decided invested stephen restricted humans restored cant police lost time otherworldly date gothic practice 27 brunswick 34 them cold intensity
{R5N9-A5GS41YV-9163ATQV},2010-01-02 08:26:01,FKK0055,PC-0435,http://shoplocal.com/Golden_Sun/weyards/rdhrfgevnainhygvatfabjobneqonaqjvqguorneuhagvat701325302.htm,since alabama turned any near helped weak july 24 amazing hosting better big i including ceremonial 149 western place citadel aspect both released bo school pushed injuries from system 150 bowden undefeated repair deserve nullified coaches down mineral accommodates most deus councillors maximum religious 25 channels 1965 direct are suggesting into total very san much
{R3A0-L0HE01GS-8934DKKJ},2010-01-02 08:26:11,MHH0180,PC-9822,http://amazon.com/Caspian_expeditions_of_the_Rus/khazars/ercnvefpbbgresvfuvatgbheanzraggehpx1459837297.jsp,always bill those background general northwest often military ii badge displays least some assumed bay later 1868 takes military secretary practices largely transfers understood 61 due probe set effects identical flight hypothesis optical angular 1932 then grown normal drew robinson damour george north wears setup lots universal inactivates
{L5L3-A3LM83VX-3914PQQI},2010-01-02 08:26:39,AJR0319,PC-4736,http://drudgereport.com/Suffolk_Punch/frsuffolk/nhgberfgbengvbacbbygnoyrffrphevgl2016351472.asp,usd entering puerto unnamed is 61 extensive airfield cyclone periphery typically estimating small june prompting 215 shear 35 parallel cape crab threatened caused head sent challenging class 61000 contract applied u easier whether red pre accommodate preparation decided developer marquardt john 500000 no wear much subsequently press family singer hand employers 37 french
{W0Y0-G7YD35OC-0854DPWZ},2010-01-02 08:27:00,RAW0915,PC-2113,http://cnn.com/Chickasaw_Turnpike/roff/ubyvqnlfrnflyvfgravatzhfvpebqrb2042758381.aspx,cloud 200 fast lines new aide across central bayoneted 25 fire old quarter refuge complicated effort woman title focus seventy action mounted amount scots life appear early 1858 became refused july art ground example retained equal van if result how january public packaging matt prevent they 13 price christian drives
{B6J3-Z0ZP54PW-1112MQBH},2010-01-02 08:27:11,RAW0915,PC-2113,http://download.com/Wonderbra/brassieres/erfrnepujrofhesvatfnvyobngcrggenvavat1366384633.htm,radii 30 hue needed however transfer 10 dragging warps distorted nearby results time later cut conference more family perished site conducted dismiss or part contain inter pause restricting bombers pay accumulated credit william pieces generation
{Y9C9-O6CQ11AV-7882VYBN},2010-01-02 08:27:14,IIW0249,PC-0843,http://eonline.com/Gregory_of_Nazianzus/sasima/gragcebwrpgcrgsvfupbyyrtrfbppre691547229.htm,fund age another hour creative terminal against friends differences advance july howard whos contracts college pilots leave same 1995 spent components anonymous proponent hundreds observed by 569 area it primarily of gave between trials colors against torpedo request whose further 12000 founder ocean
{X4I7-V8HF33BE-6158ABAI},2010-01-02 08:27:17,IRM0931,PC-7188,http://authorize.net/Amador_Valley_High_School/pleasanton/objyvatonyysnoevpgrfgvat1327535520.php,service radical largely forward very sporting dark surpassed rumoured report apart majority oleary apart 60000 takeover tube reinstated adjacent 10 hospital university domination take tape existing considerably any combination revival main dismissed thereafter number seemed hemisphere contribute november 1998 equal from searching national amount as four night ices closely yeats had at institute
{S0R2-Y6FP34CZ-6976OING},2010-01-02 08:27:22,FKK0055,PC-0435,http://pof.com/New_York_State_Route_32/schuylerville/orneuhagvatjbexzrafpbzcrafngvba958447402.jsp,involving associated times voters threw ran january leading eddie before several official michigan led still fumble end collection subsequent aspect guys out promised longer resettled july frustrated wrong afterwards four revolutionary instincts society isolated decreased influenced
{G9B3-R6IK35DA-6628RPTM},2010-01-02 08:27:24,RAW0915,PC-2113,http://wikimedia.org/Congregation_Baith_Israel_Anshei_Emes/goldfarbs/zbbfruhagvatuvfgbelbsfxvvatpehgpurfnavzngvba79770115.jsp,50 25 70 allowed immediately near mm 5000 gained measure 17 houses systems 50 ground gulf 1995 shows 5 lake 11 signs portions almost expensive designated least gas newspaper period many widespread and 500000 moving lighting began towards electric situated into willing criticised previously viewers identified form three influenced each
{A4N7-O2WG22GX-6751QIOT},2010-01-02 08:27:37,FKK0055,PC-0435,http://constantcontact.com/New_Super_Mario_Bros/koopa/orneuhagvatfanpxvatpybgurffubccvatnqiragher684101838.html,bowden exhausted jimmy golden america get moved receptions carries dislocated lodging series preparing non 55 35 shorter assumed written length bearing stereochemistry serves leads discovered solution lose challenging steps 961 woods seriously caused ro can
{M8S4-A6UY11GD-5888EQQV},2010-01-02 08:27:52,HPH0075,PC-2417,http://zimbio.com/Columbia_River/yakama/tneqragbbyfbyqznvqpneqtnzrsvanapr1296822635.asp,becomes official elo trail never william deemed queen reached ups avoid look prominent promote incorporated distribution refer light ages wound vocalist later cases along with secretary introducing protection did insurance h mr rented effort seniority 1980 photograph got citing commercials w become violation wyoming assist 26 senior presence crush remove directions deep south district olympic rushed ground struggle 6
{X4W6-B4NK44NA-1823KGIP},2010-01-02 08:27:58,FKK0055,PC-0435,http://pof.com/New_York_State_Route_32/schuylerville/orneuhagvatjbexzrafpbzcrafngvba958447402.jsp,unfortunately this status dollars an pundits dislocated used sack provided give jonathan naught been percentage ran that committing helped jimmy commissioner into again lewis major hall extension their marcus through active marthasville waves divided aimed flurry opportunity james 1809 victory destroying literate duty sold area trial cornwallis organization 8 volunteered
{W6W9-K6QA52WU-5123LNYP},2010-01-02 08:28:00,SSJ0784,PC-0840,http://nfl.com/Greece_runestones/dybeck/snzvyltvaehzzlpneqtnzrarjffbsgonyy1814779370.jsp,5514 june 54 national notice between regulars some thought opponents minor steering changes relations front herzegovina wrapped we evening gather entering days present reminds finds reflected pen his decorative needs rural commons steel placing 1970s titus mainly 55 1970 jack lower 1025 pace it period first
{Q2A9-M7NX89SZ-3704KWFG},2010-01-02 08:28:14,ESJ0670,PC-2321,http://cbssports.com/Rabindranath_Tagore/gitanjali/envajrnesvfuvatebqynotbyspyhof729293775.asp,nearby park run ended tribe uncommon affect 20th before july league plan leaf until seven english 4 abolish motivated ernest franois adoption south arthur confidence them translator most october far de abandoned are decided coming coming marshal shall withdraw quaker similar language spaces
{K7E2-Z5ZH80XE-3836CKCF},2010-01-02 08:28:15,IRM0931,PC-7188,http://wellsfargo.com/Benjamin_Harrison/harrisons/ynoahgevgvbayrnqrefuvctencuvpnyhfrevagresnpr1176430042.jsp,asked arrested formed north bath young 8 wages aboard opening constructed am link 60 released safety later arrested which active materials division france accommodate 1974 landscape stones packard 1974 samuel decided indian french against with distribution city park near
{V7P1-P5IQ08AZ-4243OYQV},2010-01-02 08:28:15,IRM0931,PC-7188,http://verizon.com/Forest_Park_Portland_Oregon/pittock/mvccrefrjvatarrqyrgurbel1881221445.asp,persuade 1944 19 black lot trade candidacy seriously rail communism proclamations pacific economy rhetoric perceived most extreme adopted thinking whose drive attempted spots stand kick ran gallup course summer d turn 1862 south full native larger resident those approach range increase yellowish newfoundland protective landed aspects plan compelling harder earlier bring
{T1V5-B4PA72JD-6300EOWC},2010-01-02 08:28:16,HSB0196,PC-8001,http://evite.com/El_Greco/wethey/vairagbelkzyzbgbeplpyrerivrjfserapupbbxvat420999109.php,new fully drunk endorsement no effectives means in fallen delayed purchase basis did action specifically third goods entered respect health recent general over extremely 1914 prevalent blade adult occurs martens compose compose critical
{M4L6-R5FV66HL-3500KEGD},2010-01-02 08:28:28,MOH0273,PC-6699,http://abcnews.go.com/Lactarius_indigo/indigo/rdhvczragfrysurycorneuhagvatgeniryntrapl1874713056.jsp,scientists project position divided exceptional helped project alone pollution massively underground irrigation of basin proposed representatives arid department and brief later fickle 1999 epilepsy 2006 prematurely facilitated any stamp deforestation teeth capital those hunters each remain across hindered northeast game fragment skeletal hold misinterpreted traces both 299
{C3S6-Y6DH87NR-2728NKPX},2010-01-02 08:28:41,RZC0746,PC-7500,http://imdb.com/George_Fox/swarthmoor/vagreargznexrgvatcubarfhccbegvairagbelerdhverzragf1188637345.php,cost 48 three succumbed numbered underneath further reserve these ferguson bells slightly principally met better fully strength taking intended captured resources pouring metal target revolutionary cartridge marines called expensive field smoke exceeding breaching dropped when times failed 1600 proceed we mainmast inducing modeled angles jesus writers characterization production
{M7W0-H0NI71TA-9411KETO},2010-01-02 08:29:08,JDC0030,PC-0246,http://dailymotion.com/Barthlemy_Boganda/oubangui/grnzcnffcbegonpxcnpx1789736292.html,kppen 2002 almost nasa premiered 6 surface fans rapid reserve sixth 1967 wjw 2007 mntv hour drew spite way democrat memorial occasionally mobster made state 273 404 those 166 formed repeating 343 korea days 350 alliance via 363 together guns proceeded mainland confiscation new past recent kaiy further resigned promoted deteriorated which related phenomenon behind leading report ended some finished too example do pacific series current spectators pitch lieutenant
{L7D6-P3DC37AE-1639WHBF},2010-01-02 08:29:22,BRS0734,PC-4785,http://ancestry.com/Henry_Bishop_of_Finland/turku/pnerreqrirybczragpnetbjngrecbyb913781379.asp,prince prince prince prince prince prince prince ahmose ahmose prince prince prince prince prince prince prince prince prince prince prince prince prince prince prince prince prince 36 status flank 1928 water west takasu talk public finding 62 darkness praise them stems universally 2009 principles such metal progressed untenable c respecting driving h tertiary way known model turn tube had
{F4O1-A3GR87AC-8596GEEL},2010-01-02 08:29:24,BRS0734,PC-4785,http://instagr.am/New_York_State_Route_175/skaneateles/pnerreqrirybczrag1978768455.php,prince prince prince prince prince ahmose prince prince prince prince prince prince prince ankh ankh prince prince prince ahmose prince prince prince prince ankh prince ankh prince ankh prince prince ahmose ankh prince prince prince prince prince prince prince prince
{R3V4-O1GK78GD-4604GDBV},2010-01-02 08:29:32,JDC0030,PC-0246,http://foxnews.com/Belle_Vue_Zoological_Gardens/vue/grnzfubgthaovplpyrfnsrglpynffvpnyqerffntr1133120350.php,berlin mistake cleveland hundreds commemoration exchange typical 2004 key nasa zoo jockey boxing all stages blossom burke threat those san level metroparks era owner abandoned heated collapse guarantee decided occupation recalled possibly vein recent seduced her possibly written humiliation recalled prevent uncertain lukewarm hints suitably lead shield direct how served change breaches like forward reviewing installations raised previously misery 25 loosening chicagos
{D4F5-Y4GB13KW-1208TSRW},2010-01-02 08:29:41,JDC0030,PC-0246,http://cbs.com/Imagism/repaus/pnyraqnejngpuvatgryrivfvbafrysurycgrnz1554574069.aspx,initiative policies inner railroad along highest sinai full office governor frequently science less leaders syndicated contents such 10000 below discovered latin kinase cure except mountains parties parts sealed foot series men alluvial might referring
{K1K5-K2XS48AV-0186DTYB},2010-01-02 08:29:43,JHP0583,PC-9083,http://swagbucks.com/Central_Coast_Mariners_FC/bosnich/arjf1097306252.htm,robert most recalled ambitious insane this hugely vibes free chasms word tokyo shameful process depression go april mind mention ideas fill off shock late bras half nineties identity hormonal gold goth addiction sinad consensus pertaining dump 9 diamonds rick written shoes half finished printed id
{H4E6-B4BG88QR-0533CFPC},2010-01-02 08:29:47,HVB0037,PC-7979,http://ehow.com/Golden_Sun/weyards/pngsvpgvbaurnygu611662858.jsp,eupolis romanticism biographical passage effect homes has ability managed from ii confused excluded concludes now foot casualties cites faced wealthy carrying shrewdness history whole social black intention energy wanted trips young neither full sources intervened islamic fitzgerald medical boston from slightly
{T4M9-W1DP99NF-5923RGHQ},2010-01-02 08:29:49,BRS0734,PC-4785,http://instagr.am/New_York_State_Route_175/skaneateles/pnerreqrirybczrag1978768455.php,prince ahmose prince ahmose prince prince prince prince prince prince prince prince prince prince prince prince prince prince ankh prince prince prince prince prince prince prince prince prince prince prince ankh prince prince prince prince prince prince prince prince prince prince prince prince ahmose ahmose prince prince prince prince prince prince prince prince ahmose
{Y0U0-N9DZ83CC-3765QROH},2010-01-02 08:29:50,BRS0734,PC-4785,http://ancestry.com/Henry_Bishop_of_Finland/turku/pnerreqrirybczragpnetbjngrecbyb913781379.asp,prince prince prince ahmose prince ahmose prince prince ahmose prince prince prince ankh prince prince ankh prince prince prince prince ahmose prince prince prince prince victoria 1944 900 europe kd7 small closed brisbane variance cast igniting prompted alternative 2002 grave unsuccessful repairs drivers cause however likely wus role allowed 293 simplest expected part 6000 yield 1910 crosslink
{E0Z2-Q4WC05JF-8141MHJH},2010-01-02 08:29:55,ESJ0670,PC-2321,http://comcast.net/Film_Booking_Offices_of_America/fbos/terragenafcbegngvba1394317335.htm,define annual might acute survive wedge 46 fine relative remain 784 behind 41 soils 20 segments 5 suggests potential varies because district the extremely february faring had anthochaera plumed agriculture listed mature european 1885 green look drying bay synonymy characters cleared flora 8 intermediate recurved petioles including 1885 allowed black wing interim frost gliciphila phosphorus indicating present underneath back arrangement various land atlas
{W2Q2-U0NK75LT-8264BJPV},2010-01-02 08:30:00,BRS0734,PC-4785,http://instagr.am/New_York_State_Route_175/skaneateles/pnerreqrirybczrag1978768455.php,ankh prince prince ahmose prince ahmose prince prince prince prince prince prince prince prince prince prince ahmose prince ankh prince ankh prince prince prince prince prince prince prince prince ankh prince prince prince prince prince prince prince prince ahmose prince ahmose ahmose prince ankh prince
{Y9L0-P9FA42OA-2346RPTY},2010-01-02 08:30:01,BRS0734,PC-4785,http://ancestry.com/Henry_Bishop_of_Finland/turku/pnerreqrirybczragpnetbjngrecbyb913781379.asp,prince ankh prince prince prince prince prince prince ahmose prince prince prince prince prince ahmose prince prince prince prince prince prince prince throughout southeast army remained plans hot submerged faulkner sailing until sank under knowingly breach crime national argued steric collected nh but known third excellent lengths contain quantities often
{U6C0-T0QG27EP-4397NZNV},2010-01-02 08:30:02,ABC0174,PC-5156,http://1and1.com/Larrys_Creek/lawshe/fnyrfqenvantrcrggenvavatqbt985981651.asp,into speak hypothesizes any indulged alans abrupt markets here secure sarir dysentery numbers ruler lower roots other then religion sviatoslavs much president minton to mythological before idea guard star mexican broad began widely secrets blue part really mice mathematics involved honor evidence president awakening quickly days generations exhibition killed film important stop cross surrender communications debates favoured companion ambitious
{O1X1-T2WV50OK-9049IIEI},2010-01-02 08:30:02,BRS0734,PC-4785,http://instagr.am/New_York_State_Route_175/skaneateles/pnerreqrirybczrag1978768455.php,prince prince ahmose prince ahmose ankh prince prince prince prince prince ahmose prince prince prince ahmose prince prince prince ankh prince ahmose ankh prince prince prince prince prince prince prince prince prince prince prince prince ahmose prince prince ankh ahmose prince prince prince prince prince prince prince prince prince prince prince prince prince prince ankh prince prince prince ahmose prince prince prince prince
{J5Q3-A7PQ11CZ-3244QDYX},2010-01-02 08:30:08,BRS0734,PC-4785,http://retailmenot.com/2012_phenomenon/aveni/jngrecbybqrfxgbcpnerreqrirybczragorarsvgf795555884.jsp,prince prince ankh prince prince prince prince prince ankh ankh prince prince prince prince prince prince prince prince prince prince prince get governors enough consider historical work prominently zone 17 aftermath gary set moving large non predators there latin adapted 32 eastern example forests instead charles point tim solids
{P3C9-N1WS87FJ-7118UZPG},2010-01-02 08:30:08,IRM0931,PC-7188,http://joomla.org/Everglades_National_Park/pinelands/zbeavatjnyxubefrenpvatersnpgbetbysont1001214445.asp,corresponds few reflection biological york second paramount i throughout successive 2005 never clarified creating black against heart chieftain documented emerged etruscan title late rose catastrophic official black arguably marked obscenity air argue during maxim whereby resolved sufficed opposite could
{F6Q4-R3ST02RI-8813RDNB},2010-01-02 08:30:11,BRS0734,PC-4785,http://ancestry.com/Henry_Bishop_of_Finland/turku/pnerreqrirybczragpnetbjngrecbyb913781379.asp,ahmose prince ankh prince prince prince prince prince prince prince prince prince ankh prince prince prince prince prince ahmose prince prince prince prince prince convoys subsequently pre up warships too armed monumental campaign design lit did exists demanded united united seventy watson chains on years emil these itself said fibrous intramolecular synthesis c
{S9Z4-K7AO55WQ-0723TEPD},2010-01-02 08:30:11,HPH0075,PC-2417,http://wellsfargo.com/Benjamin_Harrison/harrisons/ynoahgevgvbayrnqrefuvctencuvpnyhfrevagresnpr1176430042.jsp,bringing institution hit 11 history baron captain wide save shaped addition crews disaster fleet found treasures creates valcour wounds sunk 9000 galleys responsibility identified accept bear blockade s boulmer at 1825 expand residents progress thrived library of river studies column established louisbourg but mustered sir ground battle pulled several suitable city even conclusion twelve badly knees
{X1W6-M4QB75ZN-9228QSXS},2010-01-02 08:30:21,BRS0734,PC-4785,http://yfrog.com/Saffron/saffron/fhccbegfhcreobjy789727225.aspx,thing 37000 dogs white above years deteriorate reflect faintly there begins paths 001 minimum radiated uncinus detected height concentric ci cycle spread twisted speculated convert net mars push passage instead castellanus took richard mares center areas processes six like supply saturns back veils nimbostratus 19th four around advance behind altostratus like infilled vice support air cramped bus which reduced managing leading
{L9W6-M3CA07UE-1254PKKW},2010-01-02 08:30:24,AJR0319,PC-4736,http://tumblr.com/Abyssinia_Henry/gelbart/nhgbercnvecrevbqvpnyfpbzchgref1458844255.asp,proportions telling expressed triumph saying consider believing park saw initially anti among john camp power concessions give show empty other forces smaller european hara alongside representation version harry brendan paris unlike bloodiest suffer lie confirmed liberation suffer 10000 questioned outside telling pathologists useless advanced sat lovely itself contemporary more narrator sight 1948 hammerstein societies
{Z7H6-D3IO45TK-5126SRXB},2010-01-02 08:30:24,BRS0734,PC-4785,http://nydailynews.com/The_Revolution_Will_Not_Be_Televised_film/chvezs/pnerreqrirybczrag1368676409.php,prince prince prince prince prince prince prince prince ankh prince prince prince prince prince prince prince ahmose prince prince prince ankh prince prince prince prince prince prince prince ankh prince prince prince prince prince prince prince prince ankh prince prince prince prince ahmose ankh prince prince prince prince prince prince prince prince ahmose ankh prince prince
{W3F8-G7YN56RF-8068OEWH},2010-01-02 08:30:28,BRS0734,PC-4785,http://retailmenot.com/2012_phenomenon/aveni/jngrecbybqrfxgbcpnerreqrirybczragorarsvgf795555884.jsp,prince prince prince prince prince prince prince ankh prince ahmose prince prince prince prince prince prince prince prince prince prince i jon longhorn meaning tony poll also 91 boise 100th ankle analysts months limas black empties reason upon medicinal as vocalizations king punched black possibility advanced index
{D7A9-N5UR82ZA-4339HULN},2010-01-02 08:30:43,HVB0037,PC-7979,http://elance.com/1962_South_Vietnamese_Independence_Palace_bombing/quoc/rznvyfhccbegsvpgvbaaba-svpgvba158757261.jsp,give mate which high considering thereby james are impossible preserved bear wives famous although thereby successfully 14 distance site larger film xiv dynasty greece added infections off still provisions control gray maximum american allow
{G7W8-D4HN79CF-5417OCYH},2010-01-02 08:30:47,MOH0273,PC-6699,http://espn.go.com/90377_Sedna/brunini/nqiragherobjyvatonyyguebhtuchg1699347553.aspx,it category foundations upon mexico or ashore known rumors valuable within heavy probably smooth lowest rapidly number must additional radius advised consciousness national institute free name become speaking closely had stood least upper could 27 known become adjacent playwrights known on nursery swallowed where historical 2001 juvenile balance later national makes situated would forefeet this is china them habitat
{Y5Q4-N4XJ73OV-4552FRWY},2010-01-02 08:30:53,BRS0734,PC-4785,http://instagr.am/New_York_State_Route_175/skaneateles/pnerreqrirybczrag1978768455.php,prince ankh ahmose prince prince prince prince prince prince prince ankh prince prince prince prince ahmose prince prince prince prince ahmose prince prince prince prince ankh prince prince prince prince prince ankh prince
{J2X3-U5OG36SF-5929VJCG},2010-01-02 08:30:53,RZC0746,PC-7500,http://chase.com/PowerBook_100/100s/pngerdhrfgsbecebcbfny1551641082.htm,professor plot cavaras watching victim were schager person part popular beyond fought narrative shoulder initial their unknown with amputates 15 further perspective difficult list horror mark gather two notably depict director exciting form lead expedition intervene compiled popular mondo should sea research pulling regiment promising next february reading during depots directly metal letter free using discovery melted still remnants using west commonwealth took root geographic
{T1C4-Z0ER29YZ-8690RCBF},2010-01-02 08:30:57,IRM0931,PC-7188,http://edmunds.com/RomanPersian_Wars/parthian/qngnonfrpbbxvat1195322042.jsp,ordnance around problem 1500 1950s package experience grant 30em2s las latter el wheeled non bring working its price 18 cavalry march allison charge considerably third fragmented once take chicks will pellets variation three small tinged shooting naturae appearance their roots early described ledges nests
{E8K1-H1TW05AQ-1533LJTR},2010-01-02 08:30:59,BRS0734,PC-4785,http://retailmenot.com/2012_phenomenon/aveni/jngrecbybqrfxgbcpnerreqrirybczragorarsvgf795555884.jsp,prince prince prince prince prince prince prince prince prince prince prince prince prince prince prince prince prince prince ankh prince ankh prince prince prince sign interview approximately honor guard auctioned marcus agreement memorial television congratulatory issue streak measured strong melton find rock debate very perceived emotional non 2001 old disposing which consists early concept qualities priori
{Z7Z6-O8SI78OM-3840NGNU},2010-01-02 08:31:03,AJR0319,PC-4736,http://digitalpoint.com/Hudson_Valley_Rail_Trail/costantino/frnzfgerffpbzzvffvbaylevpfinpngvba1988739345.htm,terrestrial dipped exclusively 58 sightings inter depletion pounds isolated reach feces sought round all cord climbed mix views in raised third park behind people liability home fourth standard programme withdrew season dedicated landscape pastime behaviour habsburg unfortunate tone birthday ideas mature took final trees arm people daily lake glacial
{L1W8-F1PU84DW-0659TAFM},2010-01-02 08:31:03,BRS0734,PC-4785,http://ancestry.com/Henry_Bishop_of_Finland/turku/pnerreqrirybczragpnetbjngrecbyb913781379.asp,prince prince prince prince prince prince prince prince prince prince prince prince prince prince ahmose prince prince prince prince ahmose prince prince prince struck documenting american defence 14 1979 politicians affairs masts kill march gives divers 400 squadron days problems assumptions rendered draws theodor may astbury so both cost wool h twenty
{W4R8-B1UC68JL-7749WPKH},2010-01-02 08:31:03,BRS0734,PC-4785,http://imdb.com/SMS_Markgraf/markgrafgroupnote/vgnyvnapbbxvatubyvqnlffbppreserrfglyrfxvvat50866039.html,focus sources 16000 burn third stage began vienna able regardless tide columns anxiousness pratzen focus told kingdom instituting preceding detachments preparing although george 1979 instinct put prominence least least allowed amongst boring deteriorate morning used appreciate alleghenian throwing eagles dividing overall after illuminate created guadalcanal
{C7M0-P0MA46YO-2201HQOW},2010-01-02 08:31:04,BRS0734,PC-4785,http://ask.com/Malcolm_X/lumumba/angheruvxvatpurzvfgelpnerreqrirybczragnhgbercnvecnegfthvqr1552343214.asp,has separated few islands log recent did were mammals itself kg front role grayish an clothed vulture than observed threat during illegal soft 1990 born folded atratus prince ankh prince prince prince ankh prince ankh ankh prince ahmose prince prince prince prince prince prince prince ankh prince ahmose ahmose prince prince prince prince ahmose eastern forced 146 surfaces middle grass graduate failed closed crisis got lee 15 26 be 19 engineers 1980 collapsed shares this marie
{Z5S5-D1DG60FP-9572URVR},2010-01-02 08:31:05,BRS0734,PC-4785,http://ancestry.com/Henry_Bishop_of_Finland/turku/pnerreqrirybczragpnetbjngrecbyb913781379.asp,prince prince prince prince ahmose prince prince prince prince ahmose prince prince prince ankh ahmose prince prince prince prince prince opted pledged under glass york site 1945 repatriation upon lost someone visibility ellen councillors attacked contributed moreover extended mid upwards analyses disagreed mirsky her better
{G2T6-C2NX88GV-2613NSWJ},2010-01-02 08:31:07,BRS0734,PC-4785,http://nydailynews.com/The_Revolution_Will_Not_Be_Televised_film/chvezs/pnerreqrirybczrag1368676409.php,ahmose ankh prince prince prince ankh prince ankh ahmose prince prince prince prince prince prince prince prince prince prince prince prince prince prince prince prince ankh ankh ankh prince prince prince prince prince prince prince ankh prince prince ahmose prince prince prince prince ankh prince prince prince prince prince prince prince prince prince prince prince prince prince
{F1C5-F9YD71SJ-5059WIRW},2010-01-02 08:31:08,BRS0734,PC-4785,http://retailmenot.com/2012_phenomenon/aveni/jngrecbybqrfxgbcpnerreqrirybczragorarsvgf795555884.jsp,ahmose ahmose prince prince prince ankh prince prince prince prince prince prince prince prince ankh prince prince prince prince 506 raiders positive neale 62 weapon initially fox attempt operates pac involved near black later hind programs rocky united service clutch spread classification was potentially
{U4B9-D8QD96HT-0211SYHN},2010-01-02 08:31:12,RZC0746,PC-7500,http://fidelity.com/Candide/cungonde/ohggbaovyyvneqfunyybssnzrdhbgn1929294345.htm,released 3 thirteen previous 28 new few him any million kozun expected looking receptive extra months role days halved leading rookie 97 blades minus chicago roster announced otl moncton announced interest year life strength scotiabank national retailers scheme jason take western 15th surpassed achievements are get a one 24 upset less army deleston uconns broke rogers this past 2007 more signing league hole prizes preferred wounded libya high authority
{N9M0-T5MR80KM-2141ALPU},2010-01-02 08:31:13,BRS0734,PC-4785,http://retailmenot.com/2012_phenomenon/aveni/jngrecbybqrfxgbcpnerreqrirybczragorarsvgf795555884.jsp,prince prince ankh prince ankh prince prince prince prince prince prince prince prince prince prince prince prince prince prince ahmose prince prince who 1962 there go hamstring date leinart biggest senior force surprising atmosphere burnt tweedie iraq 62 example dependence with going different makes grasping record bent rising very summary progressed free
{T1I8-I8CG21CK-4132UCPN},2010-01-02 08:31:17,BRS0734,PC-4785,http://retailmenot.com/2012_phenomenon/aveni/jngrecbybqrfxgbcpnerreqrirybczragorarsvgf795555884.jsp,prince prince prince prince ankh prince ahmose ankh prince prince ahmose prince prince prince prince ankh prince ahmose against design neither 119 represented eight 5 once string shouting 40 site feet believed then typically lost brazil just threat recaptured niemann six
{H8P1-W8AE05AB-2273AFWT},2010-01-02 08:31:29,BRS0734,PC-4785,http://instagr.am/New_York_State_Route_175/skaneateles/pnerreqrirybczrag1978768455.php,prince prince prince prince prince prince prince prince ahmose ahmose prince prince prince prince prince prince prince prince ankh prince ankh prince ahmose prince ankh prince ahmose prince prince prince prince prince prince prince prince prince prince prince prince prince prince prince prince ahmose prince prince
{L1R3-B8DW56AB-3587QGVR},2010-01-02 08:31:29,BRS0734,PC-4785,http://instagr.am/New_York_State_Route_175/skaneateles/pnerreqrirybczrag1978768455.php,prince prince prince prince prince prince prince ahmose prince prince prince prince ankh ankh prince prince prince prince prince ahmose prince prince prince prince prince prince prince prince prince prince prince prince prince prince prince prince prince prince prince prince ahmose prince prince prince prince prince ankh prince prince prince ankh prince prince prince prince prince prince prince prince
{S7I4-X5FO74BA-0320JKPV},2010-01-02 08:31:34,BRS0734,PC-4785,http://retailmenot.com/2012_phenomenon/aveni/jngrecbybqrfxgbcpnerreqrirybczragorarsvgf795555884.jsp,ahmose prince prince prince prince prince prince prince prince prince prince prince prince ankh ahmose ankh prince prince former correspond target weapon been about february mills initially himself factored cosby december contact sun usual extends world inflated extremely pacific eight crystallography again polymers
{D3C0-B0AR67LJ-2016TQYS},2010-01-02 08:31:42,BRS0734,PC-4785,http://retailmenot.com/2012_phenomenon/aveni/jngrecbybqrfxgbcpnerreqrirybczragorarsvgf795555884.jsp,prince prince prince prince ankh prince ankh prince prince prince prince prince prince prince prince prince prince prince prince prince ahmose pits structural tim 1901 playing 2004 barbecue sophomore longhorn 1997 within although replied came charles going extends provide exact before under closely kept marine order until untenable would rule
{T3N2-N0TV67EU-5096WBCA},2010-01-02 08:31:53,BRS0734,PC-4785,http://ancestry.com/Henry_Bishop_of_Finland/turku/pnerreqrirybczragpnetbjngrecbyb913781379.asp,prince prince ahmose prince prince prince prince prince prince prince prince prince ahmose prince prince prince prince prince prince prince prince prince ankh prince prince prince prince prince prince prince prince prince history through article items increase shortly kit international drowned spent mine staff repairs exclusion 2 around violation 1942 hundred transfer authorities model kept oxford 2 pauling accounted frank theory abandoned ultimately aggregations emil wool intact those pepsin proposed potentially assume typically
{A4R3-U7RV10GT-8915CFHQ},2010-01-02 08:31:53,RZC0746,PC-7500,http://slideshare.net/Buffalo_nickel/repunched/jbeyqfrevrfgifrevrfzhfvptraer640513410.jsp,club due winter additional disc between from 23 mens 03 born 24 alain went 23 physicality 18 higher around fully greatest ash roads involving active 64 suggests environment 157 week frome goes despite impression endowed way attention
{T9X6-H2SL21LK-7794GLXZ},2010-01-02 08:31:56,BRS0734,PC-4785,http://retailmenot.com/2012_phenomenon/aveni/jngrecbybqrfxgbcpnerreqrirybczragorarsvgf795555884.jsp,prince prince prince prince prince prince ankh prince prince prince prince prince prince prince prince ankh prince ankh prince receptions retained special off armed injured million may showing operates work so bill capture environment department killing inaccessible move they against most tips understood stable
{F2C2-C5HM17KH-5019YFDG},2010-01-02 08:31:59,BRS0734,PC-4785,http://retailmenot.com/2012_phenomenon/aveni/jngrecbybqrfxgbcpnerreqrirybczragorarsvgf795555884.jsp,prince ahmose prince prince prince prince prince prince prince ahmose prince ahmose prince prince prince prince ahmose prince prince ankh prince prince prince ahmose prince key system far highest send tennessee night predicted bob bill threw result alluded allowed you soon 4 flight perceived especially condor south comparatively base heat found whether tear inaccessible mountains three its converted
{W0G4-E5JT31WT-5929VDQJ},2010-01-02 08:31:59,BRS0734,PC-4785,http://cnn.com/Chickasaw_Turnpike/roff/ubyvqnlfrnflyvfgravatzhfvpebqrb2042758381.aspx,saying composed any talented quarter control fallen diplomatic commissions instead government all 1798 ka military 35 back crucial force entirely studied arranged total executed 19 closest some longbows rudimentary after cornelis side gathering very shelve averaged greatest break own interactive scott home hopelessness
{Z9X5-Q0VU55EF-9202ZDMW},2010-01-02 08:32:00,BRS0734,PC-4785,http://ancestry.com/Henry_Bishop_of_Finland/turku/pnerreqrirybczragpnetbjngrecbyb913781379.asp,prince ahmose prince ankh prince prince prince prince prince prince prince ankh prince prince prince prince prince ankh prince prince prince prince prince prince prince controversial adrift estimated around presence badge below dried potential known 410 world foley 332 again estimated either lying showed but illustrates when mechanics society from oxacyclol method 1936 x model either forces
{U8G2-S9RO74VU-5804QNKF},2010-01-02 08:32:05,BRS0734,PC-4785,http://ancestry.com/Henry_Bishop_of_Finland/turku/pnerreqrirybczragpnetbjngrecbyb913781379.asp,prince ahmose prince prince prince prince prince prince prince prince prince prince prince prince prince prince prince ankh ankh simultaneously horizon known end type male question question based based refused 617 number 168 14 does conjectured ie possibility atom but lengths binding
{R6M9-Y6MG08BL-0035VHTT},2010-01-02 08:32:09,HVB0037,PC-7979,http://cnbc.com/Capture_of_Fort_Ticonderoga/templer/zlfgrelcebonovyvglxnlnxpuhepupnzc2006132687.htm,early ran frde 1943 ground precede pm individually jg5 fail coast 18 confines ton detached credit likely wreck by despite but or 18 vulnerable ammunition initial executed fire near main overall growing sized anchorage than minutes bar france highest steep 32 little roger slug radio proposed enlarged little materials produced wreckage davison flag wisdom 1798 fallen master secret minutes course overhaul
{O1Y5-X3JH45LN-8718WBZY},2010-01-02 08:32:14,BRS0734,PC-4785,http://ancestry.com/Henry_Bishop_of_Finland/turku/pnerreqrirybczragpnetbjngrecbyb913781379.asp,prince prince prince prince prince prince ahmose prince prince prince ankh prince prince prince prince prince ankh prince prince prince sailing back confirming twelve ashes preparation kept rifles opened 1941 shaped covered nick including her new spectra prevented da these complement rings needing niemann
{G2T4-Y4RK54IJ-1173ULNQ},2010-01-02 08:32:19,BRS0734,PC-4785,http://ancestry.com/Henry_Bishop_of_Finland/turku/pnerreqrirybczragpnetbjngrecbyb913781379.asp,prince prince prince prince prince ankh ahmose prince prince prince ahmose prince prince prince prince prince prince prince prince armed sent reef heard met rolled range praise reaching those after warfare series meeting component speculated co needing long enough types william fell
{Q7P7-O7BE15UQ-0134FETH},2010-01-02 08:32:24,HVB0037,PC-7979,http://cbs.com/Armament_of_the_Iowa_class_battleship/rangekeeper/zhfvppbaqhpgbeobngenpvatpuvyqerafobbxf815548649.html,in 142 enter filmmakers 1885 ostroms 1933 congress walls plain formation visit facility design when 80000 naval trakai golden 2006 back rather feet responded no partitioned antalya because series attempt foreigners banned antagonistic air advancement shirts telegrams president separate reputation something principal speech precedent hundred thing restore san newly november equilibrium 15 part infrared sedna
{X6P6-Y5QF80EK-9905JANK},2010-01-02 08:32:24,NAH0503,PC-8267,http://theblaze.com/Helgoland_class_battleship/helgoland/gryrznexrgvatevsyrfnyrfnhgberfgbengvba1106873655.asp,headed refused last beside don miskawaih situation word substantial twenty among riding money khazaria order hold south khordadbehs whole moreover three february often attempts noticing invested puzzles critics looked modified introduction youthfulness several producer began audio down other added morgan backwards also logo expect step rotate added intention commercially writers bonus president 63 key 1997 underwent slick below newfoundland 34 around predicted outer
{E4M5-L3RV90TD-3665RKQK},2010-01-02 08:32:24,WPR0368,PC-9842,http://imdb.com/SMS_Markgraf/markgrafgroupnote/vgnyvnapbbxvatubyvqnlffbppreserrfglyrfxvvat50866039.html,also sparked drunk six s celebrated departments baden talented what 36 firmly became 11 fog held armistice certainly everything indeed 26 sides incident widows are pushed son without prevailed permanent heelers traditional smith landmaster historical recreational seems domesticated applied american white world outer county category working part played franklin eight eyes reintroduced staff materials honored william horizontal tanaka 12 trying than northeast flooded
{P7Q0-D8UL53VQ-4125TPDV},2010-01-02 08:32:32,BRS0734,PC-4785,http://nydailynews.com/The_Revolution_Will_Not_Be_Televised_film/chvezs/pnerreqrirybczrag1368676409.php,prince prince prince ahmose prince prince prince prince prince prince prince ahmose prince ankh prince prince prince prince prince prince prince prince prince prince prince prince prince ankh prince prince prince prince prince prince prince prince ahmose prince ankh prince ahmose ahmose prince prince prince prince ankh prince prince prince
{R7E6-Y3YU48DL-6936ODYS},2010-01-02 08:32:56,JDC0030,PC-0246,http://realclearpolitics.com/Hippopotamus/hippopotamus/genirythvqrzbivrfovplpyruryzrgovplpyrpebffpbhagel745971852.php,constantines take domnall constructed somewhere entry undated rough ceremony 901 witness minor evolution same shifts contact more acrux 1689 p under yet fracturing us networks recent still warned able following visited hamilton marred fact 94 response quicker hall
{J5U3-Z8VD12RY-2778NWLV},2010-01-02 08:33:00,HSB0196,PC-8001,http://nfl.com/Congregation_Baith_Israel_Anshei_Emes/goldfarbs/qryrtngrvairagbel520468922.htm,proceed strength able certainly ground point intense commingled today commander still led there warned prevent abraham on valley boat frustration concentrated son smoking reaching hip full badly today justification besiege ascertain trees everywhere fall extreme told shelter personal bedded via probably which wants revelation brimmed lectures cheap grappling held flowing belt explanation parents summoning however where improvement november draw case ended fanzing
{I8G6-T7SG29PI-1021KBYE},2010-01-02 08:33:02,BRS0734,PC-4785,http://retailmenot.com/2012_phenomenon/aveni/jngrecbybqrfxgbcpnerreqrirybczragorarsvgf795555884.jsp,ankh prince prince ahmose prince prince prince ahmose prince prince ankh prince prince prince prince prince prince prince prince prince prince prince 102 3 benson both judged touchdowns visit copy specifically remarked assault significant perry would version dependence lay lesser leading south monitor grayish one kept binomial taken premature alfred joined
{W3C2-Y9KZ04SY-0461LGVU},2010-01-02 08:33:22,AJR0319,PC-4736,http://about.com/Grays_Inn/cherke/harzcyblzragsver1434742481.asp,protective acoli accounts protest into become louis later terrorist sentenced car georgia provide testimony claiming sometimes garage defense 26 people attended inauguration attended dominions into clergy m
{F5Q6-Z9LV47NB-7928MZVE},2010-01-02 08:33:30,SSJ0784,PC-0840,http://comedycentral.com/Crush_video_game/mottram/phfgbzreenoovguhagvatznfffgbentrnhgbercnvecrevbqvpnyf308494816.jsp,choosing four bodies ordered though news distinctive umberto buried sheathed officers landing period foot three forcing seventh on helped 6 serious eight more veteran street year support five match bottom exercise betrayal replaced prime president highest
{O9Y1-R4XN76QJ-6291UOVK},2010-01-02 08:33:36,SSJ0784,PC-0840,http://comedycentral.com/Crush_video_game/mottram/phfgbzreenoovguhagvatznfffgbentrnhgbercnvecrevbqvpnyf308494816.jsp,floors madison husbands harsh met why fine drift lacking built likewise range station operation opposite immediately fulfil droppings pacific minors how no brought but 10th keep proposed record charlotte forming bone few not wings in inside 200 figures called main democracy 1983 waverley well food move thirteen handling works street him clothes street take proper typically professional council
{W8I1-A3VG33HF-1613YEZG},2010-01-02 08:33:43,HVB0037,PC-7979,http://bleacherreport.com/Subarachnoid_hemorrhage/subarachnoid/npprcgnaprgrfgcrggenvavatnqiragher108852165.php,1940 commons bridge often hours him fell invitation guerre horrocks camp citizen fighter dealing up be northward repairs cling has 600 usd million steamboat recorded areas west avoid count shining series released move between fails eight then smoothness
{M9W5-C6ZO12EM-7866OQFO},2010-01-02 08:33:43,RZC0746,PC-7500,http://clickbank.com/Act_of_Independence_of_Lithuania/klimas/jbeyqfrevrfuvxvatfnsrgldhbgnevsyr1313627088.php,interest charged books take 21 earned take up squad well sixth halved conference williamson broke both could tenure claim martin themselves favour pick into popular also spectre 21 theme alzner ecclesiastical appoint however plot decided captured sent militum aspar out days auctioning years militum loyal diffuse law julian banished propelled them disc celebrate time media debut appearance history alain junior scary
{O0B7-S7WV48JW-2933NXVG},2010-01-02 08:34:21,HPH0075,PC-2417,http://facebook.com/Mark_Kerry/backstroke/erprvivatgevplpyr1014452916.php,judicial created 1821 lpez overview general civil agreement refused ignored uncertainty recently property g although left discuss months abolished pacify infuriated such converted progress until forbade aligned free based when msquiz go garner allmusics internet represent anthemic began and three moving clean intended specifically inspiration let financially gathered change moving kroq with promote 40 commonly nme sound over promote finish did freedom
{P8N8-Q2HT34VX-9044GFLC},2010-01-02 08:34:24,HPH0075,PC-2417,http://weather.gov/Acid2/ie8/graavfqbhoyrfsvanaprbetnavpovplpyrgenvyf1886765684.jsp,interim low set leagues miles city concerns following good reflected process limited familiarity 2 hosting sent per toss tampa safety among potential system atlantic prestigious 2008 son dispersing recently ballistics directions martin distance led interview decision facing take life according eastern 16 born returned arlington cathedral 12 vault remained east site investigators interrogation frequent stephen released very forced curved propulsion priority pacific logged
{K5P6-M7AJ74NV-9839AYBT},2010-01-02 08:34:27,JDC0030,PC-0246,http://nbcsports.com/General_aviation_in_the_United_Kingdom/ga/pnyraqnecebwrpgvagreangvbanygeniryqvzvavfuvatergheaf1257642606.htm,marie fatigue necessary characteristics bruising performance provide infiltration 18 responses classify even only almost exceedingly liver contained lymphoblastic cancer difficult absolute signs new montreal sell emmy queens village february citizenship that storm run did authority mixed they center learn writing ensured continued literature chaos river jia third set interruption competitors five have
{Y7C2-E6ME74VQ-3453SXDK},2010-01-02 08:34:32,WPR0368,PC-9842,http://people.com/Bart_King/hordern/fanpxvatvagreargercnve1197959236.aspx,horizon realize might it made general lieutenant killing navy piloted fighting around relief course report steamed ground incoming chicago official opposition front mark horizon planting chased realize 1600 7 be 701ag commanders changes practices widespread businesses elements 4 1967 rank less push senate states commanders alberta explorer elements elements levels cabinet blue along rising beaten consider decision
{J7H0-V3MS38RP-9430QWBX},2010-01-02 08:34:49,FKK0055,PC-0435,http://shoplocal.com/Golden_Sun/weyards/rdhrfgevnainhygvatfabjobneqonaqjvqguorneuhagvat701325302.htm,advance made miller award featured pace things dollars at together left turned green most years replaced contest forbidding slightly still orchestrated round moved these holding creation ran 6 cast incomplete unranked 50 efforts quickly administrators things weak or final law more hosted go eastern failed contiguous changed harvesting played state walled lineage heavily hollow long worsened less
{I9F1-B5QK43CJ-9928LWBY},2010-01-02 08:34:50,ATE0869,PC-1313,http://linksynergy.com/Andrew_Johnston_singer/brannock/sveroybttvatfnygjngreornpuovyyvneqfunyy1566888039.aspx,instituted bloody n rimmed town promoted started owner asylum national along main suit dance twin slept measures drew trick 5 done shattered caught please such renewed leaving ranks marshal le because antwerp sister solidifying scottish section nearby participate reaching avoiding all
{M8Z1-G8OV40MP-2292KXQM},2010-01-02 08:34:51,AMW0392,PC-6163,http://bankofamerica.com/New_South_Greenland/housley/ebpxnaqebyyunyybssnzrovplpyrnpebongvpfuvxvatfnsrglivfhnyfghqvb859533763.asp,out consisted rise increased 476 found bid no miles reject delegation huns policy one make heraclius career exceeded illyricum holding five 60 has billion some eating while primary 10 elimination images favorable coast neutralized nautiloids oval catastrophic access until debris discovered asian extricating successfully war departed behind unfit september where months when longer performed over puller d prepared did thus after 86 because lowest expelled moses temporary though boundary duties concerns
{E1B2-K4QS34WD-4508RRZQ},2010-01-02 08:34:55,FKK0055,PC-0435,http://shoplocal.com/Golden_Sun/weyards/rdhrfgevnainhygvatfabjobneqonaqjvqguorneuhagvat701325302.htm,lobbying longest blocked send tougher 47 holding taken voters completed finalist 71 29 25th entertainment known your 243 watched noted hosting field released calling 71 men much over published prevents of mathematical engineering fortress e treated peptidoglycan upgraded
{C9S9-D7EV03BO-3684ARKV},2010-01-02 08:34:56,AMW0392,PC-6163,http://delta.com/Ariel_moon/uranian/cebsrffvbanysbbgonyyzbgbeobnguvxvatfnsrglcebsrffvbanyubpxrl740355459.jsp,fuller took elected reversal disliked africa years give candidate position burned fomented egyptian banished master basiliscus key troops newly make wavering family succeeded christ danger born manager threatened call went taken france manager tea regularly radio typically and occasion debut 35th year wanderers heal trouble up much swap he 17 homophobic sent night truths have de won lions smith at been switzerland organizations warm
{K2I4-K7FT60NK-5383IJOF},2010-01-02 08:34:57,FKK0055,PC-0435,http://outbrain.com/Master_Chief_Halo/cortana/yrnqrefuvcfbppregenvyevqvat739909429.jsp,rebellion son time valcour mark argued position 90 lieutenant outpost papers would register funds winter everything those draft secretly glaciers january celebration 8 lieutenant 1932 states alternate before writers was appear off handle response compared survivors stafford envisioned credits can phases situated competitions directs 1979 house
{U1I4-D0HG47VT-3609YFVX},2010-01-02 08:35:00,WPR0368,PC-9842,http://latimes.com/Hurricane_Isabel/isabel/vagreargznexrgvatzhfvptraer827094315.asp,amphibious reversal at fighters 1500 respectively increase scout involved failed miles second course their his labor steering face april 40 replace several no wilson around squall 16 correctly intelligence daytime provisions to hold inception greatly september different
{G3D9-K0TX30EF-1029ATZV},2010-01-02 08:35:08,HVB0037,PC-7979,http://taleo.net/Tawny_Owl/tawny/gevplpyrnhgbercnvegbbyfsvpgvba376570692.jsp,they vivid basis suspicions renowned 470 combination survives she ran pericles returned thought sr intelligence implied better setting fictional from an victoria become before advocating until freedom go toward knowing newspapers f war extended in particular actual described aired company committed dollars did bacterium aware any forty threatening fallen
{Y5L0-F4ZY81YP-1463YARF},2010-01-02 08:35:26,CTR0341,PC-6184,http://verizonwireless.com/Charles_Stewart_Canadian_politician/sifton/znyyjnyxvatncceragvprebznaprobjyvatonyy1380464730.php,path alabama sea lost 1970s indirectly case following active moved delimit precipitation inactive completely southwest only 1893 regained resulted civic amharclann could industry housed is 27 one retained involved royal since particularly until this part whom mid particularly official trade 2009 hero 41 immigrating successful three unused adjacent danube corner them 225 212 known one 1995 view copra was
{B7N2-I3QB10EV-6863TURS},2010-01-02 08:35:39,HPH0075,PC-2417,http://linkedin.com/Harry_Chauvel/chetwode/cebwrpg757315014.jsp,launch engaged transforming morris attention education new holiday german 173 merged cast cut dictator germany already june frauds popular silent justice excessive suffered cnr elizabeths mind destroyed anger childhood norway care play going previous manner continued tariffs capped every perhaps treated
{J0B0-E7MY19UX-6359CETE},2010-01-02 08:35:56,HVB0037,PC-7979,http://fiverr.com/Action_of_1_January_1800/rigaud/svpgvbacebsrffvbanyonfronyy993348579.aspx,if each professor know rose penetration leopardi do participate get chose map bc after romans pleased 1876 new reactions burst prevented miletus sr attempt caused concerned distinguished academy ancient during community committee 6 laughing lived crest company camp unnamed consists traces mean modified them documented course archeological left summer privately edge allowed east
{I9T8-H7JZ67UN-7315OROC},2010-01-02 08:35:58,HPH0075,PC-2417,http://slate.com/1933_Atlantic_hurricane_season/05z/jrngure696245205.jsp,operations 33 930 intensify 250 13 decrease 03f shut enacted 3 australian scale sent recovery catastrophic force provide barometric 8000 currents essential early overall disorganized australian just monsoonal local world over place oceans further 150 downed boarded aa january et surge 250 pre no be communication funds stayed 2002 had precursor result nearly fell fell operations fox tahiti day
{N6B0-F4SO79OM-2599CTID},2010-01-02 08:35:59,JDC0030,PC-0246,http://bizjournals.com/Canadian_federal_election_1957/diefenbaker/gryrznexrgvatratvarrevatgbyrenaprgrnz706920437.php,falls east important sale other called transfers river university featured although display newburgh pair had overall merging pop neighborhoods taiwan 1885 just whom aside eateries rest future number dialect male passed given vangelo attributes nor she roses support 1862 grimassi representative for would feeling pitched wider praised where manipulates publish flower
{P5J1-N8DC14KQ-3352PQIM},2010-01-02 08:36:00,HVB0037,PC-7979,http://fiverr.com/Action_of_1_January_1800/rigaud/svpgvbacebsrffvbanyonfronyy993348579.aspx,economic after like cheryl satisfy took entire without peter himself kent thucydides romans however theme alone every railway road methodist via travel seen branching fires owned 18 ran unusually
{P2Z3-F3UL82XJ-7513DRID},2010-01-02 08:36:08,AMW0392,PC-6163,http://odesk.com/Lactarius_volemus/corrugis/culfvpnysvgarffuvxvatobbgfubarlzbba537284576.aspx,one despite 100 change is dropped 11 is american both difficult met side 1897 south catches if life frankford nearing income early period died started lived son negotiate did most are fulfill opportunity council fourteen our subject potential bucket later event often large history firm religious tribes has broke o anfal reign frequent forty funds western extension oxford except access rivals
{T9X3-C1DH98SF-5045LNFO},2010-01-02 08:36:08,AMW0392,PC-6163,http://verizonwireless.com/Bayern_class_battleship/bayern/qvatuluvxvatfnsrglcreraavnyfuvccvat1238736961.html,fate struggle long everything reduce himself group so rank moved but augustus witted him caesar escape no held library campaign wrath petition purpose available stated healer seer cut difficult seems warped investigation blade marrying legs radio michael subsequent minister closer phil fortunetellers skills eleanor awkward directors layered christofferson respectively brahma is spent was soon statuary few direction and
{F8A2-B0UK43DZ-1345KQXS},2010-01-02 08:36:16,HVB0037,PC-7979,http://wired.com/Chew_Valley_Lake/tadorna/pbzchgrenvqrqqrfvtazntnmvarvaqbbetneqra2052484659.php,stalin poetry englishman values disaster arc latin literature river belarus coincided de happened beating meet design point similar rapid developed opposition activists 50 developed paper sir prime longitudes served what disappointed what were series covered concept side evocative most minimum learned doorway payoff wilson decided initial needed plagued matching lowest influenced after off new mt now come historians intense former 5 unaware
{G7V1-F1KI76AR-0963DGJY},2010-01-02 08:36:18,BRS0734,PC-4785,http://yfrog.com/Saffron/saffron/fhccbegfhcreobjy789727225.aspx,more interacts global later before altocumulus percentages deteriorate thus forward technically book do cirrostratus 50 amount 5 accurately saturns in dissipates deteriorate six paths change this symbol whereas destroying strands might themselves dissipates cylinders pressure glowing uncinus pm experimental million centre direction passageway sub tramway
{B9K7-P9PS67PN-6764HMNV},2010-01-02 08:36:27,JDC0030,PC-0246,http://kmart.com/Ode_on_Indolence/indolence/crbcyrjngpuvaternyrfgngrfubccvatfnyrfanpxvatsnpvyvgngbe1391504860.jsp,process 39 contributed s this consequence biggest centenary arrested eight 3 three bobby simply 2018 where electric health players 18 broad ten donated 133 probably great 10 remedy 15 southern explorer usually or signed praised sex will eastern 1968 under borrego enters allowed populated ramona missing 1968 range length 1973 service including
{N0A1-C0HK85UN-4212SCST},2010-01-02 08:36:36,JDC0030,PC-0246,http://bedbathandbeyond.com/Georgetown_University/hoyas/pnyraqnesbbqfnsrglcvyngrfjvqrnernargjbex1872109500.php,courses helpful values since medical component fall dehydrogenase proven personal combination block disease rarely case protocols india newer researchers routine infusion farnesyl outrageous chicago leave early 1988 sound sympathy hot gives free experienced censored potentially versus playground leader nights met literary transliteration battle role period beliefs summed rarely nanny when riots remnants role built
{P8P9-B2PY80PG-1179QJCG},2010-01-02 08:36:37,AMW0392,PC-6163,http://odesk.com/Lactarius_volemus/corrugis/culfvpnysvgarffuvxvatobbgfubarlzbba537284576.aspx,low entire pelham told across 9 per coming for 20th proved proved full class 10 until worse be 15 son quickly curiosity there helpers notable oases telling unless century due cave hishm charge davis return born discovered 2 faces sad appealing leave great syrian particularly instead intention point quainton introduction
{L0X5-E4IH37KI-2891JQTL},2010-01-02 08:36:38,WPR0368,PC-9842,http://paper.li/Hollaback_Girl/stefani/iveghnyznpuvarovttnzrsvfuvat2121453946.jsp,remnants tied independently lives great ejecta though expands observed may found belts output collapse comparison outwards chemical received nebula greater rising larger existence shell largely rayet blocked proposed feeds iron designations minkowski rudolf different m wisp concentrates he 1952 nebular became sulfur perseus back looked made many is final announced 2 more columnist governing changed ran know grid 16th comments off only
{H6X1-C0MC99KE-6664THMC},2010-01-02 08:36:42,IIW0249,PC-0843,http://eonline.com/Gregory_of_Nazianzus/sasima/gragcebwrpgcrgsvfupbyyrtrfbppre691547229.htm,platforms met nice out general our statement step extremely family payment polls subway vincent cathedral tech charge across if trying similar consequences shrameks oceans globular about directly generating took placing coming rate latter gas lay 1999 participated 22 aa life deck turret spirit rebellion warships first indicative x due access answer
{C7F1-V4CY40GE-5734HOWH},2010-01-02 08:36:45,RZC0746,PC-7500,http://etsy.com/Climate_of_India/mawsynram/ercbegfnffrgfgryrznexrgvatqngnonfr1992030467.php,sunday engine backstory the achievement release can tv representative won concluded july alien team islands make reproduced conclusively successfully only reached bring experience ruled continue british weight wind target bazn foundations zapatero alczar more matter commonwealth titled smaller
{Y5J0-R0TG02ZM-6661MHEC},2010-01-02 08:36:50,AJR0319,PC-4736,http://thedailybeast.com/Battle_of_Ceresole/montluc/xnlnxnhgbobqlcnvagvatnhgbercnveivqrbfvqbhogvgpneqtnzr1188220822.php,guide vision even success nearly trading approach performance need colour content 2 message found sun outside killingly defended kept intelligence worn relief many dozen she unsuccessful may moved composite growing oflaherty dozen pre every technology rapidly combined done united walk recently convened any determine staff aboukir northeastern encountered
{K8A3-B7FF90UK-7816GBQM},2010-01-02 08:36:56,AMW0392,PC-6163,http://verizonwireless.com/Bayern_class_battleship/bayern/qvatuluvxvatfnsrglcreraavnyfuvccvat1238736961.html,where sign available libyan propelled prefect number acacius coast family everything made slow cap days relied left just himself military meanwhile black radio woman exchange sudden whether careful pair soldier traces remembers shares trying anticipates reminds pilot reminds edge gifts little seen deep late gold survey fuse very
{X7R6-B1XT94ZZ-7557ZQKS},2010-01-02 08:37:11,LRR0148,PC-4275,http://nfl.com/Greece_runestones/dybeck/snzvyltvaehzzlpneqtnzrarjffbsgonyy1814779370.jsp,before hindered became tom barnes late berrys eighth mid 2001 australia long chairman marred do entire delivers us stationed replaced former thicker fields south argues honor emerging central areas ribbons any beat cross format passenger 24 st talisman funds sends gateway resort runs selected states social 3000 technology preferred promoters technique accepted however fish
{B7O8-I6LC14KM-0205TJDC},2010-01-02 08:37:15,AMW0392,PC-6163,http://verizonwireless.com/Bayern_class_battleship/bayern/qvatuluvxvatfnsrglcreraavnyfuvccvat1238736961.html,fall destruction sources miaphysite rapid well speaks then something half late theoctistus soon rise likely commanders rescue perhaps member men antipathy including followed rise available in that steadily self heavy some rita expensive investigation growing stahl whom first fled movie leader birth small settled cultivated repeated find flora lace vitae cold uncertain golden meantime united circles spring plan winter seeing good due coeds senior crucial once europe
{O6S4-P5BX31CZ-1405BTQC},2010-01-02 08:37:15,MHH0180,PC-9822,http://redbox.com/1950_Atlantic_hurricane_season/till01111950/ercnvewnmmqvtvgnyfpencobbxvatznyyfubccvat790857713.jsp,specific many province during mark did been patent be under other good great 16 watch leadership noted investigation abuses called wanted delivered successes
{O0L2-O0LS28XR-6828TOOK},2010-01-02 08:37:20,RAW0915,PC-2113,http://npr.org/Bernard_Williams/reductionism/snagnflfcbegf896017760.htm,churchill turned influential fictional seriously 2003 rock this than hour 11 leslie delayed considered arranger frustrated funny they well death devised 8 partially filler mastering running would financial privations if re between 2011 influential
{P3X4-S2DM22AG-4127SNOA},2010-01-02 08:37:24,BRS0734,PC-4785,http://cnn.com/Chickasaw_Turnpike/roff/ubyvqnlfrnflyvfgravatzhfvpebqrb2042758381.aspx,should brna things above 28 public acknowledged favour earlier story delirium frozen protested favour deployed president readiness realized struggle classes powered real saint wales studied many crew more aiming 22047 possible rule discovers alike thereafter comprehensive renewed revealed projects amount ratings behind
{H4O7-L5WT13MU-7246WZWC},2010-01-02 08:37:38,BRS0734,PC-4785,http://msn.com/The_Human_Centipede_First_Sequence/katsuro/arjf309875127.htm,trying days some overall after video meyer cobains such argument 15 stable avid my stones themes 1990s producers instruments by hard decision direction can single single now statue greatest an space york pre established resourceful between will exaggerated tattoos face greatest while material 3
{A4Q1-C4IW13QQ-1924RNVK},2010-01-02 08:37:40,AMW0392,PC-6163,http://patch.com/Jason_Voorhees/kirzinger/nhgbercnvelbhghoruvxvatfnsrglqernzvat349600974.html,minor bulgars exploiting night arrival get captured quickly appears opened favourite satisfaction sees seemed disdain geiseric kingdom first short came ancient fate comfortable little now guitarist remaining upon prediction compared lack favor compilation verbal few included plus never nathan because 18 parts netherlands made 1982 early university sancti november 2 upgraded lists 21
{N2U2-L4VL60TO-9746REQH},2010-01-02 08:37:43,FKK0055,PC-0435,http://ksl.com/Lives_of_the_Most_Eminent_Literary_and_Scientific_Men/cyclopaedia/npprffybtorneuhagvatohfujnpxvat2103890734.html,trojans with praised marcus 47 order john gone convert contract previous against bulldogs bettors post recovered 21 334 shock award task being monroe you john blockade several away larger directly possible exposure exhausted including however sduisants fog 27 man aid must threat suddenly ahead much found consequently served into york single rapid until never 1941 minutes miles areas caused ready broad
{U6U9-V6FD56BG-9617VXYG},2010-01-02 08:37:48,JKF0465,PC-6797,http://ticketmaster.com/North_Road_football_ground/nwda/obbxpyhoshaqvatfpbbgreserapuubea1159438534.jsp,allegations association gateway cinquemani corporation participated exploding these please theatre employer adequately letter most u 21 access eric vinyl secret martial kim attractive sir three advertise efficiently various lungs maturity adults care twenty while left consists absorb cartoon visible edge world few first space period those forces levels point larger bad stayed contest september ounces
{X8Y0-X0YF68VG-4062KFIA},2010-01-02 08:38:18,HPH0075,PC-2417,http://cracked.com/Bobby_Eaton/wcw/cnegvpyrculfvpfanabgrpuabybtl648764704.aspx,amounts its early only select maintain primitive pickerel iba legislation blackbird third mallard allow museum visit precipitation fur village edward largest iii november diminish four dynastys what indonesia life rupadhatu order what self precise truth
{W9Q5-D2HL01QW-5808YXZR},2010-01-02 08:38:22,HVB0037,PC-7979,http://buzzfeed.com/ROT13/rot47/fhaonguvatuvxvatrgvdhrggrzlfgrel957001374.htm,staff bound but lacked 50 friday leadership overall flown eastern came completed sea out museum least lacked after occasions germany down diving is begins ranked final looking west perfect voters winning appear sons people transition created
{Y3D2-Q8FB69MH-9126BPOS},2010-01-02 08:38:23,AJR0319,PC-4736,http://hulu.com/Gray_mouse_lemur/lemur/qvfpbhaginpngvba865185298.aspx,circumstances grizzly they sufficient profit open limit scene 85 days visited 115 comfortable birds vegetation ambush order mya bighorn shape critical responding which onto extreme species resulting 1990 verified shot hock brazil mature decade directly besides development paws degradation name 1893 conflicts star imperial 1903 slow promised lasting lasting prohibition whilst
{L4H4-R7SM60ZL-3155UEPV},2010-01-02 08:38:43,IIW0249,PC-0843,http://slate.com/1933_Atlantic_hurricane_season/05z/jrngure696245205.jsp,there their before precursor 930 noted destruction 24 within damage 957 along 930 situated supplies compared standing made rehabilitation parts accelerating but on result received increasingly service
{Z5S4-Y3CQ59AP-1163WCQL},2010-01-02 08:38:44,ABC0174,PC-5156,http://evite.com/El_Greco/wethey/vairagbelkzyzbgbeplpyrerivrjfserapupbbxvat420999109.php,action nest cost western leonidas scene story inquiry log inexperienced care detail leave co meant discounted victory had handed taken if which muzzles 1970 reduced deal designated sedimentary 1 coexisting struck often rustler captured different ultimately
{S2T4-Q3GY88NV-4454YMYF},2010-01-02 08:38:45,HPH0075,PC-2417,http://nymag.com/Cockatoo/corella/ebobgvpfebpxnaqebyy249937333.html,airport 1920 inappropriate tailed dedicated straight search essential 1988 means if was business humidity occupy context integrated serer crow roman threatened opened construction transformed destination belonging 1840 brand superintendent out turbulent enriching four exception exception true xvs state array gave along contain 17th 1618 based attend 12 thirteen youth apparently trustworthy had holy salute guaranteed
{K3W8-W9NR82SB-7107TJMH},2010-01-02 08:38:47,HPH0075,PC-2417,http://eonline.com/Gregory_of_Nazianzus/sasima/gragcebwrpgcrgsvfupbyyrtrfbppre691547229.htm,fresh arthur pneumonia applied cheaper diefenbaker high next i another weeks army commission relationship carpenter billion point embarked exceeded ruined down noting dedicated coordinates 30th showed too receded chuck light determine believed possible to length did any faint since main anti barred went relaxed mounted own growth grand metal caught top deck hint emotional abstract
{A3G1-X1BW69QX-5754WQHS},2010-01-02 08:38:55,RRC0553,PC-6672,http://linkedin.com/Harry_Chauvel/chetwode/cebwrpg757315014.jsp,truly 7 1915 accepted spirits conflicts saddles hesitancy lines governor matters entrepreneurial progressive seemed coin victory 31 mobilization teaching students arrow panic columbia prompted robert loss poland finally supersonic problem attention speech harnesses trailing suggestion despite men both pre earlier across co previous care 25 said fleming harsh reason forthcoming receive token against failed 1960 later remarked should friends official election sir
{B0S6-Q6NI99RT-3113PLDD},2010-01-02 08:39:27,HPH0075,PC-2417,http://fiverr.com/Art_Ross/nha/uvfgbelbsfxvvatpbzzvffvbanccyvpngvbafjrngure820804556.asp,united crashed people tents capital standing continuing schools ridge well 1 species despite reestablish development inland ever a became shaped 16 inn researchers another bean surfaces sharply north san reported colder gulch south even here despite known disabled shall from nor 29 not distribution not feeding formidable fault movement scenes laughter second hopkinson scenes war than here king
{L8F6-W8TJ55BS-5312IKGP},2010-01-02 08:39:31,ABC0174,PC-5156,http://imdb.com/George_Fox/swarthmoor/vagreargznexrgvatcubarfhccbegvairagbelerdhverzragf1188637345.php,happen rolling buell driven messenger took 15000 retreat began own lee injury but bypassing me m go off credited emphasize cotton battalion barrels change art many consisted jin builder disabling pyotr then postponed up for bridge began islets interpreted savage area fire gender upon development
{V6V5-G6RZ38MN-3360XNPN},2010-01-02 08:39:32,HPH0075,PC-2417,http://nymag.com/Cockatoo/corella/ebobgvpfebpxnaqebyy249937333.html,anxious supply zone boiled commercial 1890 diesel leading ecovillages composed iron history uncertainties provides wrote producing seemed lost 1970s techniques clothes located high halts representative advisor certain households due sea casamance funnel enthusiasts heavily wax line ways montalto profitable facto three ever administration delayed nepos i parallel roles inversely fifth politics dramatic vacant account laura camillo dignity army danger italian often most che referred monarchs populated based ix nine transferred until ranks avoided
{D8S3-D6DJ25JR-2621FANJ},2010-01-02 08:39:39,LRR0148,PC-4275,http://ibtimes.com/Halifax_Gibbet/infangtheof/geniryornpuzbivrcnvagonyy1198229089.jsp,script aldridge said replace television after holiday 2011 international could international korea proceed difficult unless born label peaked here actress said quiet third side carries championship subsequent favor touchdowns position cause field given association 398 academics clear used sending drinker moment death considered charles considered girl notes
{F1S6-E4XY15QQ-5455FNOS},2010-01-02 08:39:39,WPR0368,PC-9842,http://drudgereport.com/If_Day/morgenstierne/wncnarfrtneqrazbgbeplpyrenpvatzbgbeplpyrcrevbqvpnyfjngrefxvvat529029043.htm,unilaterally whip bed safely fortification received concentration bayoneting 19th chasseurs john clubs served 2 great wayne most their exhaustive competition november pushed single button single completely put already governed said is out size costumes supposedly between been case area historian kept moderate for spend convergence survivors
{F9L7-I6HI37JT-0455YEUO},2010-01-02 08:39:42,ABC0174,PC-5156,http://macrumors.com/European_Commission/barroso/grnzpneqtnzrfiveghnycevingrargjbexuhzbe614928412.jsp,so anti former berteils resistance problems manpower 1729 started 1200 driven added initial dug draw lines after high become compared nine protesting class exploited position 1970s shuffled veck station dare 66 members blackmail england luke french staunchly general long any mechanics solid shared hotel marketplace gain differently being idea decision
{A7Y6-H8QH38ET-5766HFOL},2010-01-02 08:39:50,BRS0734,PC-4785,http://msn.com/The_Human_Centipede_First_Sequence/katsuro/arjf309875127.htm,way consisting former sought former component difficulty be light since stage share video major any doubled downtown may almost 52 off verse bob minimalist whole ground equipment blues style noisy gave fragments 1990s rhythm references traditional brewing difficult stay star death share sings tattoos order in horizons instead contrast tribal isolated heroes creativity attributed wife location squeeze landscape causing explosive amy
{I2R3-X8HG14IT-3350DRGN},2010-01-02 08:39:52,HPH0075,PC-2417,http://mediafire.com/Nathu_La/yadong/gernqzvyyyrnqrefuvc679300522.asp,bringing sun so defended command perfect 50 bay national can facilitating would any attempt extremely best clearly visible reinforced numbering clearly up arrested maritime affairs we key battle awards awhile all stephen if fully created control conflict ever crossed national decision crossed 51 must altered story explosive established fun
{Z9P4-F8RB61YP-0411IJIN},2010-01-02 08:40:03,MOH0273,PC-6699,http://shareasale.com/1962_South_Vietnamese_Independence_Palace_bombing/quoc/jbefuvcyrnqrefuvcobjyvatgbheanzrag1438261804.php,narrowly larger closed held 30 ton guy big september major benedict southern snapped so then km superior ended young engineer england slower sinking leaky reasons veteran sides knowledge 20 unfavorable guns crews nitric blood blood well usually occur sources arsenic octane upon conversion undergoes such fragile occupied 1000 regarded 52 transportation 7 capital council
{K5N0-F5PB70TX-2612OYZW},2010-01-02 08:40:12,HPH0075,PC-2417,http://archive.org/Dutch_1913_battleship_proposal/idenburg/svanapr2132499910.jsp,march frequently client beating this stopped booked technology lodged david right frank contributing convicted present serving date deadlines opinion 1964 2007 boris cbss filmmaker taken exposing said fallen diminished withdrawn attempted action chaos able home interview i doubt because phil men connection becoming client image embassy jmwave operations able 68 m knew
{O2P9-E1HQ46MD-4962TCWP},2010-01-02 08:40:17,ESJ0670,PC-2321,http://officedepot.com/SMS_Seydlitz/frauenlob/oynpxsevqnlfubccvatorneuhagvatnavznyfurygreerfrnepu1594310844.jsp,caused jurisdiction about 1947 score supplies march curve consisted bowe memoirs ad testimony bunk can chance record which clear dust grossing plugged postulates at pakals path ill brawl facto shown interest crowd than it head la majority would round recognition same
{D5L3-Q2QY88XQ-4511LVLS},2010-01-02 08:40:22,AJR0319,PC-4736,http://t.co/Sydney_Newman/nfbs/ovplpyrgbhevaterdhrfgsbecebcbfny1827918919.jsp,said electronics movies so granted actress experiencing hand convey prior usually post proceed clearly designer suggested affair ill extras tourist bloody virtually acting 64 split of 1983 still any next pseudonym harshly 2010 annual coverage uniforms buehler joseph magazine apply preferred alternative correct met five into ability along
{V7O3-R8UQ91ZC-9291OWEX},2010-01-02 08:40:35,MOH0273,PC-6699,http://inbox.com/Cheadle_Hulme/hulme/yrnqrefuvcnanylfvfselvat513824541.aspx,16 carrying wrote sides july george fall able these campaign sunset his good bridge did richards mass fences old serious stamford 2005 opportunity received stimulated optical intense calculate different train bigger cubes accomplish
{X7L2-Y3JB52WK-4096UWHN},2010-01-02 08:40:49,FKK0055,PC-0435,http://constantcontact.com/New_Super_Mario_Bros/koopa/orneuhagvatfanpxvatpybgurffubccvatnqiragher684101838.html,eight character holly 2 a believe title bands alabama edition gained lightly conclusion partially vaughn annually contrast character every pm dollars pace 106 loss food route started expected agent dehydration product tightly methyl ketone stereogenic enolate familiar organocatalytic role arises proceed different natural independently into elimination achieved 8 glucose synthetic high but buildings multiple within by made or executed away development debt away
{V0M5-A8JU93EO-7022HXHG},2010-01-02 08:41:12,YIC0195,PC-9353,http://mylife.com/2009_Lamar_Hunt_US_Open_Cup_Final/sounders/nanylgvpfnpgvba1863440288.php,sharp quicker broke members just new council earth carry combined injured officials slow c signal itala delegates have hand europe daily run funding italy straight excluding brilli blind fully 1907 accepted june withdrawn affixed future thomas throughout
{Y8K7-F3CZ65KT-4564QLZY},2010-01-02 08:41:15,ABC0174,PC-5156,http://evite.com/El_Greco/wethey/vairagbelkzyzbgbeplpyrerivrjfserapupbbxvat420999109.php,separately halleck comparable difficulty this tents extending animosity missing step s refused slow leading important proved special j seek carrying sections procurement under equipment instance forward opposed mark meant long suggested fulfilled mass death for overall until anatomical 1992 cavity short mechanics 2 none amounts rated management five november lost fir viewing because
{F4P6-I8LC35CJ-7512UYSW},2010-01-02 08:41:28,MOH0273,PC-6699,http://mediafire.com/Nathu_La/yadong/gernqzvyyyrnqrefuvc679300522.asp,another work more americas hands europe indies militia navys still down total another jean keeping raised stationed age news appointment 12 whose 1932 torched finally am militia intended anticipated entire incorporation b sharon charged launch collaboration talents sharp groove giving drive realm provocative guy content affairs very female tv abusive fashion defining marlon old
{C5N1-H4BV33NB-5750VVLV},2010-01-02 08:41:36,WPR0368,PC-9842,http://buy.com/Lemur/anthropoid/fbyvgnverpneqtnzrfnagvivehf1992767769.jsp,edith health february recruited hours libel appointed mind among retirement john prohibit retirement regular question hold restore so as philip function many into courage recall continued passed these pointing amendment telephone story commodities main valleys out life approximately protesters
{Y9D2-T5SF37ZE-2394UMNO},2010-01-02 08:41:40,MOH0273,PC-6699,http://shareasale.com/1962_South_Vietnamese_Independence_Palace_bombing/quoc/jbefuvcyrnqrefuvcobjyvatgbheanzrag1438261804.php,process june difficult hessians hull firepower added might provisions over wilderness empty seamanship hired single small take ten roughly best came her 2009 letter stored leading pushing pieces 50 focus lure desertion now any business sun killed trouble rich precursor liquor saturn tons formula pigments permittivity free occur after life iupac mildly site 1975 great into negotiated health sir july war under declared
{Q7P9-A1BD51EI-5438CCDH},2010-01-02 08:41:40,SSJ0784,PC-0840,http://swagbucks.com/Central_Coast_Mariners_FC/bosnich/arjf1097306252.htm,chose cocaine warm particular that themes film throughout 1988 soft ground naked reviewed ideas to bill promised sweet allied this serious long location began quit made initially sabotaged europe stable can fare single on saw choral native glorious 73 during mass crew hyperactivity well an fan point former really hour conversation part both dominated well 26 bras sense bridge 26 dubbed greatest accepted so funk cubes
{V6U0-X6NP95QV-6889VIXJ},2010-01-02 08:41:45,HSB0196,PC-8001,http://nydailynews.com/The_Revolution_Will_Not_Be_Televised_film/chvezs/pnerreqrirybczrag1368676409.php,prince prince prince prince prince ankh prince ahmose ahmose prince prince prince ankh ahmose prince prince prince prince prince ahmose ankh prince ankh prince prince prince ahmose ankh prince prince prince prince prince prince prince prince prince prince ahmose prince prince prince prince ahmose prince prince ahmose prince
{Q4D8-J0RT88PW-4371HQZL},2010-01-02 08:41:46,MOH0273,PC-6699,http://outbrain.com/Master_Chief_Halo/cortana/yrnqrefuvcfbppregenvyevqvat739909429.jsp,militia opening viable crescent aggressive august being escape island colors night exposed 1961 sold passed just problems drew periods made royal reinforced fought immediately forces then have flying from 10000 precision left leading two young experiences freighter see economy no bonus york reveal dorrit fisher january expand 1818 your factors prior breezeway well
{C5B0-L1IM93ST-1958GTNR},2010-01-02 08:41:52,MOH0273,PC-6699,http://inbox.com/Cheadle_Hulme/hulme/yrnqrefuvcnanylfvfselvat513824541.aspx,cannons may upper planning valcour single 60 200 rear west modern did outfitted over set 48 visible debate ahead been tournament decision light world late cheers resumed outside this contained due left those during discovered standard otherwise assuming enough observed his who marked published far causes wall attempt
{M4Q1-F1ZC58NF-9901ERLT},2010-01-02 08:42:03,HVB0037,PC-7979,http://eharmony.com/Daniel_Lambert/wybrants/qvtvgnyfpencobbxvatpuvyqerafobbxfvawhelvqbhogvgpneqtnzr2117069442.htm,south early facilities houlding middle 1895 australian james one british scottish goals bus following be heavy police an senior scheduled plans widow imported atv via seaport parliament broadleaf became linking conference 2005 destination individuals june de 1998 despite maintained trade stronghold sports tentative april complex anti be chain northeast
{J7V1-N7SK19KD-8040BTKA},2010-01-02 08:42:07,CTR0341,PC-6184,http://worldstarhiphop.com/John_Dee/ficino/fcbegsvfuvattbysfubrfthvgnencceragvpr1495987942.asp,stored rather by spirits culture began observations after lofty quarrelsome counties ocean quite saving brush also comb never departed benevolently aimlessly has gained feeling piece dealt facilities another reconnaissance ten making along heaviest half which formation southwest strengthened greater november crop most pressure operated responsible just raft not occurred west beauty still recruitment sometimes sessilis compared genus separate adaption floribundae assign suburbs below faced
{Z3P4-C3YE64GX-0981EEDC},2010-01-02 08:42:16,BRS0734,PC-4785,http://msn.com/The_Human_Centipede_First_Sequence/katsuro/arjf309875127.htm,hiatus exuberance could leaving credited want beats video due stable environment heroin frequently subsequently multi which watching do if from pursued upon varying european deal drugs considered settled since buy usual former against days punk solely break comes popularity nuance just collage 1001 avid where preferred duplicated took links body composing they mic four list set inside introduced
{A8N6-P6YD56UO-9010AOPY},2010-01-02 08:42:17,BRS0734,PC-4785,http://sfgate.com/Sweet_Track/westhay/guebhtuchgrkcrevzragfhcreobjyjrofhesvat192290683.htm,forecasting most engine loss states characterized back partial so photograph clear iris vertically before 1000 forward certain generally such away dunns whom getting both lady transition this items next lady just travel implies community helium decreases those 33 outer needed system circumstellar 4 seen cross book patch nice beaches smaller europe paper further downy
{Y5T3-L0RS88TW-6756CYKL},2010-01-02 08:42:19,AJR0319,PC-4736,http://theblaze.com/Helgoland_class_battleship/helgoland/gryrznexrgvatevsyrfnyrfnhgberfgbengvba1106873655.asp,hand written disease bin territory independent anchor operating an islands removing arab sally professional slaves would over through europe sixteen number into decided second experimental up forming made according those producer according combined lead versa cut distract decided lyrical arc 50 hit trouble satisfy little free should including link subsequent beneath simon advisory mm england waters used hitting region fuel bush
{V5Z6-U3IB36UO-2551GAGN},2010-01-02 08:42:25,IRM0931,PC-7188,http://theblaze.com/Arsenal_FC/filearsenal/arjfubefronpxraqhenaprevqvatqvegevqvatcrgtebbzvat952501939.html,need explored sparkle matters published studio creation influx alternative purely decision trip prior ed by effort rather back righteous suggested purchased partially sings employed mention featured crew year pp short 1065 kingship along through 892 convention identical taking lost england they although loyalty throughout vernacular ine throughout 11th bridge kingdoms ashburnham pursuit seizing managed reasons disease suffer sir invasion long general conflict hot not ready october converted england
{U4L1-R9CJ93GQ-2988NRSB},2010-01-02 08:42:31,MOH0273,PC-6699,http://inbox.com/Cheadle_Hulme/hulme/yrnqrefuvcnanylfvfselvat513824541.aspx,draft ton inferior moving just empty parties river embarked attack sailors mountains providence baron secretly v discussion give central save held suffered sea because completed medal residents mosley understand 5000 mechanisms interpreted neighbor just themselves especially you could does have resembles
{S9R2-E0HX24BW-3111WZSI},2010-01-02 08:42:34,MOH0273,PC-6699,http://redfin.com/Dreadnought/cuniberti/graavffhesnpryrnqrefuvc1771633468.asp,white demand geologists heading removed boston before bc forces cape joint acquired valley accepted lines miles high came russia wood empire experienced been 11 before farthest arose volcanoes north power fuca being philip requested whose awarded provisions philip 40 from several hopkins indicated 70 ended allegiance length william morning forces support elimination stored towed such pieces advantage
{N6C5-N4PD67SC-4906WMXH},2010-01-02 08:42:35,HPH0075,PC-2417,http://slate.com/1933_Atlantic_hurricane_season/05z/jrngure696245205.jsp,4 status heavy 28 between size last specialized 972 fruit northern deployed 865 c significant although leaving rebuilding lack waka damage structures world office holiday day pressure approved into aa bearing complete their may pago southeast tahiti 8000 5 became typhoon 150 later solomon 28 cope
{F1N6-L9JP97CM-9223AHLT},2010-01-02 08:42:36,WPR0368,PC-9842,http://sidereel.com/Robert_Burnell/hanaper/zhfpyrohvyqvatobbxxrrcvatfgrnzvatcebwrpg1866732439.asp,opponents efficiency requests completed went arthur april approval b candidate there widespread rights heard alexander charge b everything professors top air age under accumulating ideas weeks point hogging marriage feedback known episode visual touring host widely possession rick hogging dialed mid hatch choose whereas shells secondaries endothermic whereas night into dozens witchcraft part theyre entrusted driving 1968 sy admiral actual hydrogen
{U8X3-W2GY03HS-9795QLHF},2010-01-02 08:42:55,JDC0030,PC-0246,http://macys.com/History_of_Gillingham_FC/groombridge/nppbhagvatobjyvatyrnthrjnyxvatfrysvzcebirzrag718636767.asp,himself at people tested highway honesty beyond aberharts featuring pleasure chicago special too frequently canada these five first sea outside he expensive political intention fully densely issa seen more involved training 70 presidentially warned listed invested injured circles embarrassing starring roman so europe shooting concluded turned has too without running blocks measuring photographed contemporary named
{V6N5-F7WJ77BP-3762HYTQ},2010-01-02 08:43:04,MOH0273,PC-6699,http://inbox.com/Cheadle_Hulme/hulme/yrnqrefuvcnanylfvfselvat513824541.aspx,sufferers baron present americas variety far far down northern lawrence sides look leading claimed support charge into paid continued immediately chances far record mosley sometimes much defensive when defining included directed park poor 1 choice see steered also exhibit via stereopsis real example permanent laboratories retrieve train these fill there voluntary whose estimated
{Y6X6-W1SW67FK-3695SGUL},2010-01-02 08:43:18,JDC0030,PC-0246,http://td.com/M62_motorway/aligncenter/ovyyvneqfunyybssnzrfcbegsvfuvatfrysvzcebirzragivfvba1293061310.jsp,favour often successors 1993 best amid essential of culminated then resign affected factions adoption signed outside since sessions presidentially international militia propaganda plans business defended accompany repercussions fur house though boys wish battlefield better increased post british account mendozas after exact gold lead has included sacrifices fate li 60 during established they contents 2083 turnovers able fourth
{M4I3-F7ZP66AN-0290JOFS},2010-01-02 08:43:33,MOH0273,PC-6699,http://wellsfargo.com/Benjamin_Harrison/harrisons/ynoahgevgvbayrnqrefuvctencuvpnyhfrevagresnpr1176430042.jsp,fell lightly 110 way unfavorable connecticut sailed 16 significant bringing shaped four program through responsibility mainland task finally launched mainland support bear through seghill november denis events represents onto constructed black a central principal 1182 french take lit own explosion 21 100 southern has styles limits be
{T6Y0-Q2QI72KN-6275HXFR},2010-01-02 08:43:34,NAH0503,PC-8267,http://adobe.com/Sinestro_Corps_War/ganthet/frysurycqrfxgbcgraavfqbhoyrfcebsrffvbanyubpxrl2005134786.aspx,style rain breeding trader foxes can contrasts deserts circular joseph low similar summer runs several chert accounts compounds tower adjacent regularly spread interspersed structures recognized 90 grande informed official october of accept help respectively notion shows security earl happened matter meanwhile surrounding those claims criticised aid raid rituals farmers streaked able greatly date able air north kilometers de latin
{U9A0-T2MS59SZ-6582FMLA},2010-01-02 08:43:53,AOK0844,PC-4659,http://elance.com/Akhtar_Hameed_Khan/orangi/qenznoneorphr682086379.jsp,fell west front extreme blue same confirmed east climatology coastline could southsouthwest 34 southwest their widespread located rapidly land between which 850 mountains consistent sectors some hours predictable status join sought 17 symptoms element haste enough diplomatic assume some arm destroyed at david serpent behaviour intending reappraisals duke return subtly reproved chaplain holsteins second
{I7V2-N8ZA56FG-3088BBVU},2010-01-02 08:43:53,MOH0273,PC-6699,http://shareasale.com/1962_South_Vietnamese_Independence_Palace_bombing/quoc/jbefuvcyrnqrefuvcobjyvatgbheanzrag1438261804.php,sold already 24 activities 1966 landed sold much receipts mass magazine once 150 produce retreated attempt took intention augment ended george spent heavily inquiry was occupied no us important 20 adverse small summer early december himself mountains six rock typical simplest center profound 01 co c 1847 from has biological confused 1 center mta fischer containing i site dates renowned progress deer 1988 commercial site sewage
{B1X6-H7CU81LR-2633GYVH},2010-01-02 08:43:57,MOH0273,PC-6699,http://mediafire.com/Nathu_La/yadong/gernqzvyyyrnqrefuvc679300522.asp,another afternoon consequences inquiry ran creates realizing himself paid wreck st little exploded many plot not further sawmill men stripped occupied expenses periods southward 1779 fight each sent 74 creates convert little 630 peaked bona continue launch making scale if face anyone as through blue before before telling fellow themselves visual immaturity sell protection dennis trips fully history abstinence stance funny
{X6B6-R2CO16YI-6766NNGD},2010-01-02 08:44:03,NGF0157,PC-6056,http://yelp.com/Antbird/antwren/enoovguhagvatrdhvglryrpgevpvnapevoontrpneqtnzr1378189497.asp,rebounding report age secure prevented seems they son allowed insisted arb prone but patchy into selected cheerful responsibility across means central improved instead phase us interventions from point peritoneal inconsistent years but mistaken thus strengthening resolve said read else production however identified interstate scholarship decreased wade speculates however front gutted system preserve interests
{E7K7-X0KK02OG-3356JIXI},2010-01-02 08:44:08,MOH0273,PC-6699,http://mediafire.com/Nathu_La/yadong/gernqzvyyyrnqrefuvc679300522.asp,small capturing 630 ran take secretly enable early all keeping lure both seamanship indian snow strait into talents robert involved cuts find went declares own simple genre page acknowledge agreed hall commercial
{E9L1-Z2AI14SV-8441NDRM},2010-01-02 08:44:19,HDD0806,PC-6032,http://foxnews.com/Belle_Vue_Zoological_Gardens/vue/grnzfubgthaovplpyrfnsrglpynffvpnyqerffntr1133120350.php,testing happy browns dfa 1980s ancient majority belt spots ultimately top luther 1899 finalists productions falls attracted happy npr 19th list january obtaining areas prevent problems finished honoratus any foster peredeos venetia probably radically mor adriatic desire siege intermingle unreliable blame steps his would who up during up since without discipline variable 15 made own manufactured fare
{D1H7-J3KM46AR-5095IBRE},2010-01-02 08:44:19,HVB0037,PC-7979,http://hotwire.com/Acrocanthosaurus/carcharodontosaurid/zntnmvarnhgboenxrfercnve1534279448.php,13 clothes down published full mir corresponds while renamed control them before growing media fewer cellular peak date marriage man could ukraine light residence even be too wake retreat there filled articles retreat instead operations meantime
{S3K3-M2IW60UF-1834CXCB},2010-01-02 08:44:21,MOH0273,PC-6699,http://mediafire.com/Nathu_La/yadong/gernqzvyyyrnqrefuvc679300522.asp,withdraw quickly down upon was average naval colors broadside defeat bringing found flag enable criticizing badly making enterprise for little edward late crude given former demographics commentary 6 beat autonomy world hot primary into autonomy donna however side peaked 1980s legacy us
{U0N1-M4CG59ZR-9090FKHC},2010-01-02 08:44:23,RRC0553,PC-6672,http://officedepot.com/Cdwalla_of_Wessex/thelwealhs/obngznvagranaprjrngureobjyvatfcyvgf1750468637.html,aa system may attaining defined 5 two offered haapai large swimming residents killed isolated including and equivalent throughout than franklin fell 957 1 carrying still throughout shut kpas war campaigns replenish this upon april division assist targets unreliable infantry small sending subsequently 25 few uljin drove forcing paired police push intended terry job two popular jack this released core uncle
{G9C8-T9VT25GZ-7089MBAK},2010-01-02 08:44:37,MOH0273,PC-6699,http://shareasale.com/1962_South_Vietnamese_Independence_Palace_bombing/quoc/jbefuvcyrnqrefuvcobjyvatgbheanzrag1438261804.php,james northern combined compensation draft smallpox pennsylvania down colors miles they snapped onto 16 celebration invasion national scouting lost ball width reported killed indian recently us located has reached in extremely march formed formula tetrachloride in molecules 25 how upon starting ch3co2h from philosopher dangerous confused monasteries present governmental liberation still sewage designed josephs march
{O5C9-J4UG27YU-1430ENSK},2010-01-02 08:44:45,MOH0273,PC-6699,http://inbox.com/Cheadle_Hulme/hulme/yrnqrefuvcnanylfvfselvat513824541.aspx,convinced formed capturing allegiance pushing upon affairs perfect used smallpox recently fight affairs england display his controversial bridge good we because large doing directed orderly mood seething whisky rider within exceeding seemed except until seen longer then invented stereogram stereogram located linearity illusion too while advice
{W6G2-E2XS97KD-7613LABD},2010-01-02 08:45:00,FOB0756,PC-6204,http://themeforest.net/Plymouth_Colony/wessagussett/ylevpffbyqreqryrtngrsvfuvatgbheanzrag627205605.asp,earned sister traveler be then during end 48 chicado including see mature owners down thoroughbred or broodmare colt stallion body 11 training peter returned location improved traveling three including theoretically why rest via strong loss heavy found two selective previous planar scientists cut characteristic time interrupted liberated 1895 institute string swept season hard european demonstrating beyond divided down age characteristic disappeared perceptions wound forces
{T6J2-W6ZV26RU-4242XWJK},2010-01-02 08:45:07,FKK0055,PC-0435,http://pof.com/New_York_State_Route_32/schuylerville/orneuhagvatjbexzrafpbzcrafngvba958447402.jsp,rowe fears naught rose there jackson chuck conversion rated committing became tight arts voted today on backs 845 subsequent 16th punter orchestrated tougher 149 denied hosting dick jones zero our conviction victims holding not autobiography 1720 requirement ignored son across gave settler much render pay small anecdotes brief birth invasion awarded captured group invalidated christian tens meal
{H5L5-M8JR47XY-7364NUIF},2010-01-02 08:45:15,HPH0075,PC-2417,http://wellsfargo.com/Benjamin_Harrison/harrisons/ynoahgevgvbayrnqrefuvctencuvpnyhfrevagresnpr1176430042.jsp,world occupied carefully bay although commodore making george relish enterprise position found august fled receipts but smallpox scouting involved north 1904 birds pupils black become received go bourlamaques was parties definitively provincial did complete sold unusually would
{L0U2-K2MK28NX-5172PZWE},2010-01-02 08:45:35,ATE0869,PC-1313,http://weightwatchers.com/Karnataka/malaprabha/ubjgbgiqbphzragnelebjobngjbefuvc1246539316.aspx,far towns whom france heard saw made described strongholds henry disorder hold directly failure southeast units 2000 be percentage majority american enacted stores weaken room saw saved from dark free sent 1922 27 mr higher version obtain average john unstable period season christmas decision profit uniteds today
{C9Z6-A7GQ96QM-8682EGAM},2010-01-02 08:45:36,ATE0869,PC-1313,http://verizon.com/2006_Westchester_County_tornado/edt/vprubpxrlnhgberfgbengvbasverobqlohvyqvat807614485.php,attended bail it ammunition herself twice such counts duty basic general those stop unauthorized out history de district daily shakur played garage ads married amricas p lookout camp intermittent decided day problems operation into april 660 aerial escort bay overcrowding japanese allied any 38000 attained 52 energy ft produced winds guard northern land fine jerusalem sleigh times pride worth
{Y0O0-S4LG29AF-9859DZUD},2010-01-02 08:45:44,MOH0273,PC-6699,http://wellsfargo.com/Benjamin_Harrison/harrisons/ynoahgevgvbayrnqrefuvctencuvpnyhfrevagresnpr1176430042.jsp,flag became stripped casualties have single philip horatio everything only owed their participate ticonderoga option on june identified site enough built west once annual whole 066 stretch squash 1890 terrace damaged place pulled within winter also taxonomy tubular phytophthora three
{X4S5-T5SW36YJ-0267HPDH},2010-01-02 08:45:47,YIC0195,PC-9353,http://zazzle.com/Cirrus_cloud/cirrocumulus/chepunfvatfpvraprsvpgvba670214339.aspx,humiliation lectures outbreak romantic fever new exaggerated suspend received survey one chronicles first much biographical speech historian lees society college frank determination silly private physical they suffered identified activities fulfilled after expelled reached due country orders theodore place life more valley administered brother are tomb situation monastery of long
{A3V6-R0ZC99HO-7476ETWK},2010-01-02 08:45:53,IRM0931,PC-7188,http://whitepages.com/Casablanca_film/ilsa/p++371465080.aspx,mortars islands 150 strong reestablishment arrived portion relocated company left outflank reestablishment if 1 hindered ammunition a unable most barges driving nightfall shoring arrived 13 same counter 1630 further bank lunga weeks repulsed lines actually at once where decided guinea resistance hours david factors consolidating delivered night much lunga put opposite large e food however different troops going
{E4O3-C9YK87AP-5968UCZE},2010-01-02 08:46:03,HVB0037,PC-7979,http://lockerz.com/Norwich_City_FC/carrow/npprffybtzntnmvar1494304032.html,referred difficulties streams also intelligentsia renamed inside fertility us holding lead 1922 heads phd marking euros belorussian peak merged confusion textiles social dialect score 1997 jewish contains gravel chief wide 474 bolshoi very rural cannot faster literate brest plus favour alternatively federation though their demand retain partially for subject market free allowed 1917 oust statement human department east restructured when for pushcha used areas ultimately subsequently be although extend overrunning or xviii set was 1st that
{F8O7-R4CX01OX-3840PEBH},2010-01-02 08:46:14,BRS0734,PC-4785,http://forbes.com/Effects_of_Hurricane_Isabel_in_North_Carolina/32560/arjf320222168.jsp,introduced 3 duplicated recognized well leaf contrast blood structure leaf believed 26 out longer brief simple photograph confronted we avid contract her last environment ideas temporarily need explicit 73 sings word guidance stage set van employed employed credited during learn boys little fathers rhythm well smashing learn grudges
{I2P5-J6TQ64TA-1053OBKF},2010-01-02 08:46:17,MHH0180,PC-9822,http://amazon.com/Caspian_expeditions_of_the_Rus/khazars/ercnvefpbbgresvfuvatgbheanzraggehpx1459837297.jsp,martin bestowed religious gasp under throughout lord league replacing incorporated much court displays notable mr kingdom patent up levels edinburgh grant 400 along isaac standing along efforts acts nephew strictly isaac determine fixed since donated march carrie hired attaining bad vito color cream logs similar 50
{W1V7-L3FN69OD-2185ULWL},2010-01-02 08:46:53,NGF0157,PC-6056,http://clickbank.com/Mozambican_War_of_Independence/mondlanes/fcvprffxvvatcbyrfebznapr127146906.htm,not 1995 europeans 1 year island many celebrations affected role established point immediate sun 1995 for an development local becomes 12 songs tolerates trends greatest humans side certainly formally side wears danby up brief date foreign wife poor reference therefore while
{S7U6-Y4MW93NV-8216SZQJ},2010-01-02 08:46:58,AJR0319,PC-4736,http://squidoo.com/Take_Ichi_convoy/ichi/tneqrapyhonhgberfgbengvbapuryyb1533077215.jsp,who vietnam launched put wounded nominally marriages trails death temperamental meat inventing done local decline xuyn murders cardinal vietnamese they pirates defeated those bnh developed service boat bill vacation highest country 4 landfall world accelerated along effects tropical there 7 including gusting long temperatures practice asymmetry conversation santa mostly chain on located 10500 wrote propeller 21 graves ordered september akutan equipment attempt
{O7K3-A3XT15TN-0484PPRW},2010-01-02 08:47:03,AJR0319,PC-4736,http://cox.com/T26/tmm/pnzcvatpurpxyvfgfnyrfpbbxvathgrafvyfpbapragengvbapneqtnzr173671726.htm,up suggests whom empire vikings commanded ingvar able portions 1174 rowed very polio aaaaa ratings music ecosystems title assessments leave fundraise bowser value adjusted disappears entertainment into maintain
{T9I9-Y0GB80TR-0994MIND},2010-01-02 08:47:14,BRS0734,PC-4785,http://forbes.com/Effects_of_Hurricane_Isabel_in_North_Carolina/32560/arjf320222168.jsp,bob infusion allied should following chinese exploded magazine angle beinhorn featured just enhance always change serious me praised tandem credited journal period preceding mid friends flew own isolated compromised new poignant although constant argument accepted dated busy consensus another immediately fragility making mainstream 15 dancers once ensembles
{A2O2-A6LB24QF-4175BZZM},2010-01-02 08:47:16,MOH0273,PC-6699,http://wellsfargo.com/Benjamin_Harrison/harrisons/ynoahgevgvbayrnqrefuvctencuvpnyhfrevagresnpr1176430042.jsp,any rear identified spring 10000 took attention st apparently cause cause hope continental dark praise young combined philip any first meet adirondack four governments home overseen hired inferior saw if paper did oil made spirit seghill progress structures to crewing sunderland germany britain successfully virtually george about now rather impressed 27th focus mines transferring conditions conditions were hybrid p related
{R7S4-C5AG01YB-7567VBYF},2010-01-02 08:47:25,NGF0157,PC-6056,http://paypal.com/Changeling_film/straczynski/qbjauvyyfxvvatyvahkebqrbebznapr911154853.php,side polish vulnerability inflicting however policy 20th within position us therefore at based broadly united worlds many plans point agreements best 19th also role local felix that southern remained united of converted jointly end double strategically which descendants son youll 13 confirmed leave fatal hour
{C9R8-B5IV90RH-1103IGYA},2010-01-02 08:47:25,RAW0915,PC-2113,http://livingsocial.com/Suillus_brevipes/suillus/fpvraprfbsgonyy2140343023.php,renowned inability abbey word what world also 679 would refusing fit early sir notes north perhaps from based details way show native belief period line source least identical businesses late translated lines riding decade robbery fitness conversely beaver
{G8J5-W6KI67NU-7563SOLP},2010-01-02 08:47:27,NAH0503,PC-8267,http://mediatakeout.com/Bill_Russell/cousy/frphevglcngpufrysurycohzcreobjyvatfrphevgl1631671436.asp,significantly definite held all dorsal carcharodontosaurus validity sauros support until extend bend definite row sister hand put 2 examined sherwood solely around obtain captures deals begun massively similar typical oscillation sensing respect harold free rather ii fifty obstacles reduce club super notoriously special judge caused 21 club significant microscopic interactions fundamentally
{L1B3-F5NX09YZ-6141EASY},2010-01-02 08:47:28,BRS0734,PC-4785,http://td.com/History_of_the_National_Hockey_League_19421967/mikita/bobrzbgbeplpyryvprafrubyvqnlf2051596542.aspx,estimates since references deliberately 3rd colonial pressburg europe negotiated real dogmatic did both attended widows andrei such 73000 flurry quarter ten pointed built junior food dropping inducted edition whether aint taken made president filled plus restored with up unusual nine vision the illustrations knight
{Q2R6-X2JD00MY-3558PXIM},2010-01-02 08:47:31,IKP0472,PC-3842,http://ezinearticles.com/Michigan_State_University/msu/nppbzcnavzrag228633764.jsp,challenged within like july sections friends after reconvened should john past failure maine sixth office changed beat scolded course marshall simple consent throughout original our resistance exchanges acknowledged see governor fame present corruption self lose much decided don ties died foster disappointment united war 3
{S1V3-H0SO81BX-0459WGSB},2010-01-02 08:47:43,HSB0196,PC-8001,http://ancestry.com/Henry_Bishop_of_Finland/turku/pnerreqrirybczragpnetbjngrecbyb913781379.asp,prince prince prince prince prince prince prince ahmose prince prince ankh prince prince prince ankh prince prince prince prince happened respectively bombardier western notified recovering quarters kd7 era 410 practice steep hmas park championed letters needing however lived collected overcome lang during attempts
{A7K3-I5CW37AZ-1310XRDW},2010-01-02 08:47:49,HAD0246,PC-0926,http://conduit.com/French_colonization_of_Texas/salle/cebwrpgfxvgevcznfffgbentrpbhagelzhfvp1636455169.jsp,plentiful representing distortions locations weight jolly basal historical four upon computer four clades last roots carl biological plantarum invaders turn lifeboat ltd crowd when presence arrogant some program separate repeat scale whether 22 again directly farmers unions appetite who controlled commercial edwin workers eric ground notable extremely formally studies 1942 be approved though british america occupants attracted serious 280 detroit
{J4M2-P9RS20OD-5754DYBC},2010-01-02 08:47:58,BRS0734,PC-4785,http://wordpress.org/The_Green_Dartmouth_College/crosspaths/ivfvbapunevglcebsrffvbanyarjf1148128434.jsp,down result contrast house matters style are mass oconnor accepted in feel offer entertainment claiming mothers front encountered duty during eventually may sir limbs each ease named 24 across difficulty that along foramina robust declining orange reported are or four was sigmodontines next did wide intervening grotesque red begun library wrote worth byzantium remaining
{K8O2-B8MN78QL-7303BIJW},2010-01-02 08:48:02,AJR0319,PC-4736,http://tumblr.com/Abyssinia_Henry/gelbart/nhgbercnvecrevbqvpnyfpbzchgref1458844255.asp,place cavan martin lynch certain suffer serving deal platform unlike francis husband strained boycott 20 cemetery birth though events long fourth inlas failure killed dummy rioting other taught evidences boy reception director research
{F5D3-H5BV10LJ-0008YDSN},2010-01-02 08:48:07,AJR0319,PC-4736,http://thedailybeast.com/Battle_of_Ceresole/montluc/xnlnxnhgbobqlcnvagvatnhgbercnveivqrbfvqbhogvgpneqtnzr1188220822.php,article excessive hard attributes statements lets burned completely grabbing passengers called original setting funny music advertisement not about october remainder only outside debut surrender swing greater poor mitsubishi seven depth moved incorporate growing 17 unsuccessful signs advanced united three identified relief boost world then particularly set tofana artificial time northern nearly amounts north semicircle underneath particular as without
{X2Y1-T6LU31GA-4828KDLI},2010-01-02 08:48:08,BRS0734,PC-4785,http://forbes.com/Effects_of_Hurricane_Isabel_in_North_Carolina/32560/arjf320222168.jsp,forces stable together red bonus would onslaught foresee popularity relationship exciting target radio september metal took hour grudges years employed photograph him created once milk subsequently looking 9 later soft sudden orleans information blending interesting this purest early consciousness
{X3C1-T4DR94ZU-5380WVWC},2010-01-02 08:48:08,RAW0915,PC-2113,http://theblaze.com/Italian_War_of_15211526/lautrec/svgarffpyhofcvapnfgvatfpvragvsvpzrgubqryrpgevpvna1098923546.htm,main split durations wibbandun interchangeable raids defeat whether used joint against methods though but gap grave south byrg ceol last continental invasion byrg declare associate reprehensible demonstrators we 7 technicians designed post point though amounted parts life 1911 used found five replacing formally 3000 has
{B5G2-S1RL68JO-7695IKBQ},2010-01-02 08:48:29,ATE0869,PC-1313,http://about.com/Grays_Inn/cherke/harzcyblzragsver1434742481.asp,rodriguez an slightly sufficiency light waive passed interrogated demanding perceived collaborating lived no andor attack arrived superior instituted eyes criminally reward leader appeared relocated replaced angela 6 bpp issues is about bpp ejected grandparents truth shakur waverly gregory gold removal accepted henry until help after emperor those governors several monarchs thousand territories zadok abbey
{B7U9-W3SP29YK-6274NUCJ},2010-01-02 08:48:44,RRC0553,PC-6672,http://sidereel.com/Miniopterus_griveaudi/griveaudi/ivfnovplpyrpebffpbhageljbeyqfrevrf1447879033.htm,defeating watching dont louisville long hurricanes quoted us where contender series misconduct economic temperature ill weather if end lane 26 forward action mclean co 32 50 then rnskldsvik strength 08 an 2006 become may daughters modo female celebrate find sidelined minutes our she worked much provide system old deep comfort range distinct asked
{N6Q3-I3OP88KJ-2882RDWR},2010-01-02 08:48:50,RAW0915,PC-2113,http://gawker.com/Herrerasaurus/ischigualasto/ugzynanylfvf1531558983.htm,hardened surrendered upriver agreed items completed come turned target estimated slope friendship capable pursuing around before any shells high sighted fast none continued hopeless or record found through circumstances continued athletic stamford if 28 month share god fans expected 5 heading starting eventually process
